old_url,type,status_i_dag,i_sitemap,forslag,begrunnelse,mål_url (fylles når MerchMaker-struktur er klar)
https://kontorcompaniet.no/produkt/gullegg-18-cm-anthon-berg-spesial/,produkt,200,ja,A→B,"A hvis identisk produkt finnes i MerchMaker, ellers B: Påskegaver",
https://kontorcompaniet.no/produkt/gullegg-med-italienske-sjokoladekuler-15-cm/,produkt,200,ja,A→B,"A hvis identisk produkt finnes i MerchMaker, ellers B: Påskegaver",
https://kontorcompaniet.no/produkt/gullegg-med-italienske-sjokoladekuler-18-cm/,produkt,200,ja,A→B,"A hvis identisk produkt finnes i MerchMaker, ellers B: Påskegaver",
https://kontorcompaniet.no/produkt/gullegg-med-italienske-sjokoladekuler-20-cm/,produkt,200,ja,A→B,"A hvis identisk produkt finnes i MerchMaker, ellers B: Påskegaver",
https://kontorcompaniet.no/produkt/gullegg-med-merkesjokolade-15-cm/,produkt,200,ja,A→B,"A hvis identisk produkt finnes i MerchMaker, ellers B: Påskegaver",
https://kontorcompaniet.no/produkt/gullegg-med-merkesjokolade-18-cm/,produkt,200,ja,A→B,"A hvis identisk produkt finnes i MerchMaker, ellers B: Påskegaver",
https://kontorcompaniet.no/produkt/gullegg-med-merkesjokolade-20-cm/,produkt,200,ja,A→B,"A hvis identisk produkt finnes i MerchMaker, ellers B: Påskegaver",
https://kontorcompaniet.no/produkt/italienske-smaker-i-gaveeske-medium/,produkt,200,ja,A→B,"A hvis identisk produkt finnes i MerchMaker, ellers B: Mat- og delikatessegaver",
https://kontorcompaniet.no/produkt/italienske-smaker-i-gaveeske/,produkt,200,ja,A→B,"A hvis identisk produkt finnes i MerchMaker, ellers B: Mat- og delikatessegaver",
https://kontorcompaniet.no/produkt/kortreist-spekemat-i-gaveeske/,produkt,200,ja,A→B,"A hvis identisk produkt finnes i MerchMaker, ellers B: Mat- og delikatessegaver",
https://kontorcompaniet.no/produkt/norsk-spekemat-2-pk/,produkt,200,ja,A→B,"A hvis identisk produkt finnes i MerchMaker, ellers B: Mat- og delikatessegaver",
https://kontorcompaniet.no/produkt/norsk-spekemat-3-pk/,produkt,200,ja,A→B,"A hvis identisk produkt finnes i MerchMaker, ellers B: Mat- og delikatessegaver",
https://kontorcompaniet.no/produkt/olasekken-med-paskegodt-2/,produkt,200,ja,A→B,"A hvis identisk produkt finnes i MerchMaker, ellers B: Påskegaver",
https://kontorcompaniet.no/produkt/olasekken-med-snadder-2/,produkt,200,ja,A→B,"A hvis identisk produkt finnes i MerchMaker, ellers B: Sommer/utendørs (kjølebag)",
https://kontorcompaniet.no/produkt/olasekken-sott-og-salt-i-kjolesekken-2/,produkt,200,ja,A→B,"A hvis identisk produkt finnes i MerchMaker, ellers B: Sommer/utendørs (kjølebag)",
https://kontorcompaniet.no/produkt/paskeegg-12-cm-klassikere/,produkt,200,ja,A→B,"A hvis identisk produkt finnes i MerchMaker, ellers B: Påskegaver",
https://kontorcompaniet.no/produkt/paskeegg-12-cm-smagodt/,produkt,200,ja,A→B,"A hvis identisk produkt finnes i MerchMaker, ellers B: Påskegaver",
https://kontorcompaniet.no/produkt/paskeegg-13-cm-smagodt-og-sjokolade/,produkt,200,ja,A→B,"A hvis identisk produkt finnes i MerchMaker, ellers B: Påskegaver",
https://kontorcompaniet.no/produkt/paskeegg-15-cm-merkevarer/,produkt,200,ja,A→B,"A hvis identisk produkt finnes i MerchMaker, ellers B: Påskegaver",
https://kontorcompaniet.no/produkt/paskeegg-15-cm-smagodt-og-sjokolade/,produkt,200,ja,A→B,"A hvis identisk produkt finnes i MerchMaker, ellers B: Påskegaver",
https://kontorcompaniet.no/produkt/paskeegg-15-cm-smagodt/,produkt,200,ja,A→B,"A hvis identisk produkt finnes i MerchMaker, ellers B: Påskegaver",
https://kontorcompaniet.no/produkt/paskeegg-18-cm-merkevarer/,produkt,200,ja,A→B,"A hvis identisk produkt finnes i MerchMaker, ellers B: Påskegaver",
https://kontorcompaniet.no/produkt/paskeegg-18-cm-smagodt-og-sjokolade/,produkt,200,ja,A→B,"A hvis identisk produkt finnes i MerchMaker, ellers B: Påskegaver",
https://kontorcompaniet.no/produkt/paskeegg-18-cm-smagodt/,produkt,200,ja,A→B,"A hvis identisk produkt finnes i MerchMaker, ellers B: Påskegaver",
https://kontorcompaniet.no/produkt/paskeegg-23-cm-merkevarer-2/,produkt,200,ja,A→B,"A hvis identisk produkt finnes i MerchMaker, ellers B: Påskegaver",
https://kontorcompaniet.no/produkt/paskeegg-23-cm-smagodt-og-ipb-850g/,produkt,200,ja,A→B,"A hvis identisk produkt finnes i MerchMaker, ellers B: Påskegaver",
https://kontorcompaniet.no/produkt/paskeegg-23-cm-smagodt/,produkt,200,ja,A→B,"A hvis identisk produkt finnes i MerchMaker, ellers B: Påskegaver",
https://kontorcompaniet.no/produkt/paskeegg-30-cm-smagodt-2/,produkt,200,ja,A→B,"A hvis identisk produkt finnes i MerchMaker, ellers B: Påskegaver",
https://kontorcompaniet.no/produkt/paskeegg-30-cm-smagodt-og-sjokolade-2/,produkt,200,ja,A→B,"A hvis identisk produkt finnes i MerchMaker, ellers B: Påskegaver",
https://kontorcompaniet.no/produkt/paskeharens-favoritter/,produkt,200,ja,A→B,"A hvis identisk produkt finnes i MerchMaker, ellers B: Påskegaver",
https://kontorcompaniet.no/produkt/paskeposen/,produkt,200,ja,A→B,"A hvis identisk produkt finnes i MerchMaker, ellers B: Påskegaver",
https://kontorcompaniet.no/produkt/retro-kjolebag-med-paskesnadder-2/,produkt,200,ja,A→B,"A hvis identisk produkt finnes i MerchMaker, ellers B: Påskegaver",
https://kontorcompaniet.no/produkt/rituals-the-ritual-of-sakura/,produkt,200,ja,A→B,"A hvis identisk produkt finnes i MerchMaker, ellers B: Velvære (Rituals)",
https://kontorcompaniet.no/produkt/rituals-the-ritual-og-mehr/,produkt,200,ja,A→B,"A hvis identisk produkt finnes i MerchMaker, ellers B: Velvære (Rituals)",
https://kontorcompaniet.no/produkt/spekenytelser-i-sekk/,produkt,200,ja,A→B,"A hvis identisk produkt finnes i MerchMaker, ellers B: Mat- og delikatessegaver",
https://kontorcompaniet.no/produkt/taskeladden-paske/,produkt,200,ja,A→B,"A hvis identisk produkt finnes i MerchMaker, ellers B: Påskegaver",
https://kontorcompaniet.no/produktkategori/firmagaver/,kategori,200,ja,B,MerchMaker-kategori: Firmagaver (tilsvarende kategori – ikke forside),
https://kontorcompaniet.no/produktkategori/firmagaver/paskegaver/,kategori,200,ja,B,MerchMaker-kategori: Påskegaver,
https://kontorcompaniet.no/produktkategori/firmagaver/strand-og-piknikk/,kategori,200,nei,B,MerchMaker-kategori: Sommergaver / strand og piknik,
https://kontorcompaniet.no/produktkategori/rituals/,kategori,200,ja,B,MerchMaker-kategori: Velvære / Rituals,
https://kontorcompaniet.no/produkt/trond-mois-pizzapose-spesial/,produkt,404,nei,A→B,"Firmagave, 404 i dag. A hvis identisk produkt finnes i MerchMaker, ellers B: Matgaver",
