merke,kategorier_leverandorside,produkter_i_nettbutikk,på_leverandørside,har_merkearkiv_i_dag
Abstracta,Akustikk; Tavler,3,ja,ja
Alias,Lounge; Stoler,0,ja,
Alki,Konferanse,0,ja,
Arper,Lounge,0,ja,
Artwood,Boligmøbler,0,ja,
BackApp,Kontorstoler,0,ja,
Cube Design,Konferanse; Oppbevaring; Skrivebord,0,ja,
Dauphin,,1,NEI,ja
Dencon,Kantine; Konferanse; Oppbevaring; Skrivebord,20,ja,ja
Ekornes,Boligmøbler,0,ja,
Englesson,Boligmøbler,0,ja,
Eskoleia,Garderobe; Oppbevaring,0,ja,
Evoline,Ergonomi,16,ja,ja
Fantoni,Stillerom; Touchdown,0,ja,
Fischer,Solskjerming/gardiner,0,ja,
Fogia,,1,NEI,ja
Fora Form,Konferanse; Lounge,9,ja,ja
Fredericia,Lounge,0,ja,
Glamox Luxo,Belysning,0,ja,
Glimakra,Akustikk,0,ja,
Gøtessons,Akustikk,0,ja,
Hay,Lounge,1,ja,ja
Hjellegjerde,Boligmøbler,0,ja,
Horreds,Konferanse; Oppbevaring; Skrivebord,3,ja,ja
HÅG,Kontorstoler,7,ja,ja
IDT,Ergonomi,0,ja,
Jensen,Boligmøbler,0,ja,
Kontorsenteret,Kontorstoler; Lounge; Oppbevaring; Skrivebord,0,ja,
Lammhults,Konferanse,0,ja,
Lapalma,Lounge,0,ja,
LK Hjelle,Boligmøbler,0,ja,
Magis,Lounge; Stoler,0,ja,
Montana,Kantine; Konferanse; Lounge; Oppbevaring; Skrivebord,0,ja,
Muuto,,3,NEI,ja
NCP,Kantine; Konferanse; Kontorstoler; Stoler,0,ja,
Normann Copenhagen,Stoler,0,ja,
Northern Lighting,Belysning,0,ja,
Offitec,Ergonomi,0,ja,
Ole Lium,Konferanse; Oppbevaring; Skrivebord,0,ja,
Osnes,Akustikk; Tavler,0,ja,
Prima Office,Oppbevaring,0,ja,
Profim,,1,NEI,ja
Randers+Radius,Konferanse; Stoler,0,ja,
RBM,Kantine; Kontorstoler,0,ja,
RH,Kontorstoler,0,ja,
Sarpsborg Metall,Garderobe; Kantine; Konferanse; Oppbevaring,0,ja,
Savo,Kontorstoler,0,ja,
Sedus,Kontorstoler; Stoler,0,ja,
Tacchini,Lounge; Stoler,0,ja,
Trece,Oppbevaring,0,ja,
Varier,Kontorstoler; Stoler,0,ja,
Vitra,,8,NEI,ja
