old_url,type,status_i_dag,i_sitemap,interne_innlenker,action,katalog,new_url,firmagave_forslag,begrunnelse,manuell_sjekk,gsc_klikk_16m,backlinks,senere_produktside
MØNSTER: *?add-to-cart=*,parameter,200 (3 656 lenker funnet),,,301,,"(samme sti uten parameter → deretter regelen for stien, i ett hopp)",,"Handlekurv-parametere. Blokkert i robots.txt i dag, men lenket fra alle produktlister.",,,,
MØNSTER: www.kontorcompaniet.no/*,vertsnavn,301,,,301,,https://kontorcompaniet.no/* (direkte til endelig mål),,Behold dagens kanoniske vertsnavn uten www,,,,
MØNSTER: http://*,protokoll,,,,301,,https://… (direkte til endelig mål),,"Ett hopp, ingen kjede",,,,
MØNSTER: avsluttende skråstrek,normalisering,,,,301,,Ny plattform bruker URL-er uten avsluttende /; /x/ → /x i samme hopp som evt. mål-redirect,,Unngå kjeder: gamle URL-er slås opp med og uten /,,,,
https://kontorcompaniet.no/,forside,200,ja,203,KEEP,,https://kontorcompaniet.no/,,Forside,,,,
https://kontorcompaniet.no/kontakt,side,301,nei,2,KEEP,,https://kontorcompaniet.no/kontakt,,,,,,
https://kontorcompaniet.no/om-oss/,side,200,ja,203,KEEP,,https://kontorcompaniet.no/om-oss,,Samme innholdsformål. Ny URL uten avsluttende skråstrek (301 fra variant).,,,,
https://kontorcompaniet.no/produkter,side,301,nei,1,KEEP,,https://kontorcompaniet.no/produkter,,I dag 301 → /produkterogtjenester/. Blir ekte side.,,,,
https://kontorcompaniet.no/prosjekter/,side,200,ja,203,KEEP,,https://kontorcompaniet.no/prosjekter,,Samme URL – nå med ekte prosjektsider under,,,,
https://kontorcompaniet.no/designer/,attributt-arkiv,200,ja,0,301,,https://kontorcompaniet.no/merkevarer/vitra,,Siden handler kun om Charles & Ray Eames / Vitra,,,,
https://kontorcompaniet.no/designer/alberto-meda/,attributt-arkiv,200,ja,1,301,,https://kontorcompaniet.no/merkevarer/vitra,,MIDLERTIDIG (produktsider utsatt) → merkesiden (Vitra). Senere: /produkt/vitra-physix. Designer-arkiv → eneste relevante produkt/merke,,,,/produkt/vitra-physix
https://kontorcompaniet.no/designer/andersen-og-voll/,attributt-arkiv,200,ja,3,301,,https://kontorcompaniet.no/merkevarer/fora-form,,Designer-arkiv → eneste relevante produkt/merke,,,,
https://kontorcompaniet.no/designer/andreas-engelsvik/,attributt-arkiv,200,ja,1,301,,https://kontorcompaniet.no/produkter/sofa-og-lounge,,MIDLERTIDIG (produktsider utsatt) → kategorisiden (Loungestoler). Senere: /produkt/fogia-bollo. Designer-arkiv → eneste relevante produkt/merke,,,,/produkt/fogia-bollo
https://kontorcompaniet.no/designer/antonio-cittero/,attributt-arkiv,200,ja,2,301,,https://kontorcompaniet.no/merkevarer/vitra,,MIDLERTIDIG (produktsider utsatt) → merkesiden (Vitra). Senere: /produkt/vitra-id-trim. Designer-arkiv → eneste relevante produkt/merke,,,,/produkt/vitra-id-trim
https://kontorcompaniet.no/designer/big-game-hunting-narud-anderssen-voll-and-flokk-design-team/,attributt-arkiv,200,ja,0,301,,https://kontorcompaniet.no/merkevarer/hag,,MIDLERTIDIG (produktsider utsatt) → merkesiden (Håg). Senere: /produkt/hag-celi-9100. Designer-arkiv → eneste relevante produkt/merke,,,,/produkt/hag-celi-9100
https://kontorcompaniet.no/designer/eames/,attributt-arkiv,200,ja,1,301,,https://kontorcompaniet.no/merkevarer/vitra,,Designer-arkiv → eneste relevante produkt/merke,,,,
https://kontorcompaniet.no/designer/hee-welling/,attributt-arkiv,200,ja,1,301,,https://kontorcompaniet.no/produkter/kantinestoler,,MIDLERTIDIG (produktsider utsatt) → kategorisiden (Stoler). Senere: /produkt/hay-about-a-chair-222. Designer-arkiv → eneste relevante produkt/merke,,,,/produkt/hay-about-a-chair-222
https://kontorcompaniet.no/designer/lars-tornoe/,attributt-arkiv,200,ja,3,301,,https://kontorcompaniet.no/merkevarer/fora-form,,MIDLERTIDIG (produktsider utsatt) → merkesiden (Fora Form). Senere: /produkt/fora-form-kvart-motebord. Designer-arkiv → eneste relevante produkt/merke,,,,/produkt/fora-form-kvart-motebord
https://kontorcompaniet.no/designer/oivind-iversen/,attributt-arkiv,200,ja,1,301,,https://kontorcompaniet.no/merkevarer/fora-form,,MIDLERTIDIG (produktsider utsatt) → merkesiden (Fora Form). Senere: /produkt/fora-form-city-4-ben. Designer-arkiv → eneste relevante produkt/merke,,,,/produkt/fora-form-city-4-ben
https://kontorcompaniet.no/designer/peter-opsvik/,attributt-arkiv,200,ja,0,301,,https://kontorcompaniet.no/merkevarer/hag,,MIDLERTIDIG (produktsider utsatt) → merkesiden (Håg). Senere: /produkt/hag-creed-6006-kontorstol. Designer-arkiv → eneste relevante produkt/merke,,,,/produkt/hag-creed-6006-kontorstol
https://kontorcompaniet.no/designer/ronan-erwan-bouroullec/,attributt-arkiv,200,ja,1,301,,https://kontorcompaniet.no/merkevarer/vitra,,MIDLERTIDIG (produktsider utsatt) → merkesiden (Vitra). Senere: /produkt/vitra-physix. Designer-arkiv → eneste relevante produkt/merke,,,,/produkt/vitra-physix
https://kontorcompaniet.no/designer/skogstadwaernes/,attributt-arkiv,200,ja,0,301,,https://kontorcompaniet.no/merkevarer/fora-form,,MIDLERTIDIG (produktsider utsatt) → merkesiden (Fora Form). Senere: /produkt/fora-form-bud-unite-konferansestol. Designer-arkiv → eneste relevante produkt/merke,,,,/produkt/fora-form-bud-unite-konferansestol
https://kontorcompaniet.no/designer/stokkeaustad-form-us-with-love-gronlund-design-and-flokk-design-team/,attributt-arkiv,200,ja,0,301,,https://kontorcompaniet.no/produkter/kantinestoler,,MIDLERTIDIG (produktsider utsatt) → kategorisiden (Stoler). Senere: /produkt/profim-noor-6050. Designer-arkiv → eneste relevante produkt/merke,,,,/produkt/profim-noor-6050
https://kontorcompaniet.no/designer/svein-asbjornsen-sapdesign/,attributt-arkiv,200,ja,0,301,,https://kontorcompaniet.no/merkevarer/hag,,MIDLERTIDIG (produktsider utsatt) → merkesiden (Håg). Senere: /produkt/hag-tribute. Designer-arkiv → eneste relevante produkt/merke,,,,/produkt/hag-tribute
https://kontorcompaniet.no/epd/ja/,attributt-arkiv,200,ja,12,301,,https://kontorcompaniet.no/baerekraft,,Forklaring av EPD hører hjemme på bærekraftsiden,,,,
https://kontorcompaniet.no/miljomerking/fsc/,attributt-arkiv,200,ja,18,301,,https://kontorcompaniet.no/baerekraft,,,,,,
https://kontorcompaniet.no/miljomerking/greenguard/,attributt-arkiv,200,ja,1,301,,https://kontorcompaniet.no/baerekraft,,,,,,
https://kontorcompaniet.no/miljomerking/mobelfakta/,attributt-arkiv,200,ja,8,301,,https://kontorcompaniet.no/baerekraft,,,,,,
https://kontorcompaniet.no/produkt-stikkord/pent-brukt/,brukt,200,nei,0,301,,https://kontorcompaniet.no/brukt,,,,,,
https://kontorcompaniet.no/produktkategori/brukte-mobler/,brukt,200,ja,0,301,,https://kontorcompaniet.no/brukt,,Bruktlager – kobles til Møbelscout,,,,
https://kontorcompaniet.no/2020/02/01/,dato/kategori-arkiv,200,nei,1,301,,https://kontorcompaniet.no/inspirasjon,,Datoarkiv med ett innlegg,,,,
https://kontorcompaniet.no/2020/05/12/,dato/kategori-arkiv,200,nei,1,301,,https://kontorcompaniet.no/inspirasjon,,Datoarkiv med ett innlegg,,,,
https://kontorcompaniet.no/2020/07/05/,dato/kategori-arkiv,200,nei,1,301,,https://kontorcompaniet.no/inspirasjon,,Datoarkiv med ett innlegg,,,,
https://kontorcompaniet.no/2020/10/23/,dato/kategori-arkiv,200,nei,1,301,,https://kontorcompaniet.no/inspirasjon,,Datoarkiv med ett innlegg,,,,
https://kontorcompaniet.no/category/uncategorized/,dato/kategori-arkiv,200,ja,0,301,,https://kontorcompaniet.no/inspirasjon,,Innleggsarkiv,,,,
https://kontorcompaniet.no/butikk/kategori/kontorstoler/,kategori,200,nei,0,301,,https://kontorcompaniet.no/produkter/kontorstoler,,Duplikat av kategori,,,,
https://kontorcompaniet.no/produktkategori/arbeidsplassen/kontorstoler/,kategori,200,nei,0,301,,https://kontorcompaniet.no/produkter/kontorstoler,,Duplikat av kategori (identisk innhold),,,,
https://kontorcompaniet.no/produktkategori/arbeidsplassen/skrivebord/,kategori,404,nei,0,301,,https://kontorcompaniet.no/produkter/skrivebord,,"404 i dag, men i Googles indeks",,,,
https://kontorcompaniet.no/produktkategori/kontorstoler/,kategori,200,ja,0,301,,https://kontorcompaniet.no/produkter/kontorstoler,,,,,,
https://kontorcompaniet.no/produktkategori/motebord/,kategori,200,ja,0,301,,https://kontorcompaniet.no/produkter/motebord,,,,,,
https://kontorcompaniet.no/produktkategori/motebord/komponenter-motebord/,kategori,404,nei,0,301,,https://kontorcompaniet.no/produkter/motebord,,"404 i dag, men i Googles indeks",,,,
https://kontorcompaniet.no/produktkategori/moteromsstoler/,kategori,200,ja,0,301,,https://kontorcompaniet.no/produkter/moteromsstoler,,,,,,
https://kontorcompaniet.no/produktkategori/oppbevaring/,kategori,200,ja,0,301,,https://kontorcompaniet.no/produkter/oppbevaring,,,,,,
https://kontorcompaniet.no/produktkategori/skrivebord-tilbehor/,kategori,200,ja,0,301,,https://kontorcompaniet.no/produkter/tilbehor,,Evoline strøm/kabel,,,,
https://kontorcompaniet.no/produktkategori/skrivebord/,kategori,404,nei,0,301,,https://kontorcompaniet.no/produkter/skrivebord,,"404 i dag, men i Googles indeks",,,,
https://kontorcompaniet.no/produktkategori/stoler/,kategori,200,ja,0,301,,https://kontorcompaniet.no/produkter/kantinestoler,,"Innhold i dag = kantine-/besøksstoler (Eames, Celi, Noor, AAC, City). Bekreft navn.",,,,
https://kontorcompaniet.no/produktkategori/brands/,merke,200,ja,62,301,,https://kontorcompaniet.no/merkevarer,,,,,,
https://kontorcompaniet.no/produktkategori/brands/abstracta/,merke,200,ja,3,301,,https://kontorcompaniet.no/merkevarer/abstracta,,Merkearkiv → merkevareside,,,,
https://kontorcompaniet.no/produktkategori/brands/dauphin/,merke,200,ja,1,301,,https://kontorcompaniet.no/merkevarer/dauphin,,Merkearkiv → merkevareside,,,,
https://kontorcompaniet.no/produktkategori/brands/dencon/,merke,200,ja,20,301,,https://kontorcompaniet.no/merkevarer/dencon,,Merkearkiv → merkevareside,,,,
https://kontorcompaniet.no/produktkategori/brands/evoline/,merke,200,ja,15,301,,https://kontorcompaniet.no/merkevarer/evoline,,Merkearkiv → merkevareside,,,,
https://kontorcompaniet.no/produktkategori/brands/fogia/,merke,200,ja,1,301,,https://kontorcompaniet.no/merkevarer/fogia,,Merkearkiv → merkevareside,,,,
https://kontorcompaniet.no/produktkategori/brands/fora-form/,merke,200,ja,6,301,,https://kontorcompaniet.no/merkevarer/fora-form,,Merkearkiv → merkevareside,,,,
https://kontorcompaniet.no/produktkategori/brands/hag/,merke,200,ja,3,301,,https://kontorcompaniet.no/merkevarer/hag,,Merkearkiv → merkevareside,,,,
https://kontorcompaniet.no/produktkategori/brands/hay/,merke,200,ja,1,301,,https://kontorcompaniet.no/merkevarer/hay,,Merkearkiv → merkevareside,,,,
https://kontorcompaniet.no/produktkategori/brands/horreds/,merke,200,ja,3,301,,https://kontorcompaniet.no/merkevarer/horreds,,Merkearkiv → merkevareside,,,,
https://kontorcompaniet.no/produktkategori/brands/muuto/,merke,200,ja,3,301,,https://kontorcompaniet.no/merkevarer/muuto,,Merkearkiv → merkevareside,,,,
https://kontorcompaniet.no/produktkategori/brands/profim/,merke,200,ja,0,301,,https://kontorcompaniet.no/merkevarer/profim,,Merkearkiv → merkevareside,,,,
https://kontorcompaniet.no/produktkategori/brands/vitra/,merke,200,ja,6,301,,https://kontorcompaniet.no/merkevarer/vitra,,Merkearkiv → merkevareside,,,,
https://kontorcompaniet.no/product-brands/express/,merke (yith),200,ja,0,301,,https://kontorcompaniet.no/merkevarer/evoline,,YITH-merke «Express» = Evoline Express-produkter,,,,
https://kontorcompaniet.no/product-brands/ombruk/,merke (yith),200,ja,0,301,,https://kontorcompaniet.no/brukt,,,,,,
https://kontorcompaniet.no/produkt/dauphin-tosync/,produkt,200,ja,3,301,ARCHIVE,https://kontorcompaniet.no/produkter/kontorstoler,,"Rimelig lagerstol, Dauphin står ikke på leverandørlisten, 3 innlenker. BEKREFT om dere vil selge den videre",Bekreft med Kontorcompaniet,,,
https://kontorcompaniet.no/produkt/dencon-bordplate-160x80/,produkt,200,ja,72,301,ARCHIVE,https://kontorcompaniet.no/merkevarer/dencon,,MIDLERTIDIG (produktsider utsatt) → merkesiden (Dencon). Senere: /produkt/dencon-skrivebord. Komponent – dekkes på skrivebordssiden,,,,/produkt/dencon-skrivebord
https://kontorcompaniet.no/produkt/dencon-elektrisk-hev-senk-understell/,produkt,200,ja,74,301,ARCHIVE,https://kontorcompaniet.no/merkevarer/dencon,,MIDLERTIDIG (produktsider utsatt) → merkesiden (Dencon). Senere: /produkt/dencon-skrivebord. Komponent – dekkes på skrivebordssiden,,,,/produkt/dencon-skrivebord
https://kontorcompaniet.no/produkt/dencon-kabelrenne/,produkt,200,ja,75,301,ARCHIVE,https://kontorcompaniet.no/merkevarer/dencon,,MIDLERTIDIG (produktsider utsatt) → merkesiden (Dencon). Senere: /produkt/dencon-skrivebord. Tilbehør – nevnes på skrivebordssiden,,,,/produkt/dencon-skrivebord
https://kontorcompaniet.no/produkt/dencon-skap/,produkt,200,ja,72,301,KEEP,https://kontorcompaniet.no/merkevarer/dencon,,MIDLERTIDIG (produktsider utsatt) → merkesiden (Dencon). Senere: /produkt/dencon-skap. Høyder som informasjon. Beskrivelse mangler – må skrives,,,,/produkt/dencon-skap
https://kontorcompaniet.no/produkt/evoline-circle80/,produkt,200,ja,73,301,KEEP,https://kontorcompaniet.no/merkevarer/evoline,,MIDLERTIDIG (produktsider utsatt) → merkesiden (Evoline). Senere: /produkt/evoline-circle80. DisQ (trådløs lading) som variant,,,,/produkt/evoline-circle80
https://kontorcompaniet.no/produkt/evoline-matafix-kabelsamler-20m/,produkt,200,ja,72,301,ARCHIVE,https://kontorcompaniet.no/merkevarer/evoline,,MIDLERTIDIG (produktsider utsatt) → merkesiden (Evoline). Senere: /produkt/evoline-express. Kabel/tilbehør uten egen søke- eller leadverdi – nevnes på Express-siden,,,,/produkt/evoline-express
https://kontorcompaniet.no/produkt/evoline-metafix-verktoy-for-kabling/,produkt,200,ja,70,301,ARCHIVE,https://kontorcompaniet.no/merkevarer/evoline,,MIDLERTIDIG (produktsider utsatt) → merkesiden (Evoline). Senere: /produkt/evoline-express. Kabel/tilbehør uten egen søke- eller leadverdi – nevnes på Express-siden,,,,/produkt/evoline-express
https://kontorcompaniet.no/produkt/evoline-rj45-cat6-utp-3m-gra/,produkt,200,ja,70,301,ARCHIVE,https://kontorcompaniet.no/merkevarer/evoline,,MIDLERTIDIG (produktsider utsatt) → merkesiden (Evoline). Senere: /produkt/evoline-express. Kabel/tilbehør uten egen søke- eller leadverdi – nevnes på Express-siden,,,,/produkt/evoline-express
https://kontorcompaniet.no/produkt/evoline-rj45-cat6-utp-5m-gra/,produkt,200,ja,74,301,ARCHIVE,https://kontorcompaniet.no/merkevarer/evoline,,MIDLERTIDIG (produktsider utsatt) → merkesiden (Evoline). Senere: /produkt/evoline-express. Kabel/tilbehør uten egen søke- eller leadverdi – nevnes på Express-siden,,,,/produkt/evoline-express
https://kontorcompaniet.no/produkt/evoline-rj45-cat6-utp-75m-gra/,produkt,200,ja,75,301,ARCHIVE,https://kontorcompaniet.no/merkevarer/evoline,,MIDLERTIDIG (produktsider utsatt) → merkesiden (Evoline). Senere: /produkt/evoline-express. Kabel/tilbehør uten egen søke- eller leadverdi – nevnes på Express-siden,,,,/produkt/evoline-express
https://kontorcompaniet.no/produkt/evoline-skjotekabel-1m/,produkt,200,ja,74,301,ARCHIVE,https://kontorcompaniet.no/merkevarer/evoline,,MIDLERTIDIG (produktsider utsatt) → merkesiden (Evoline). Senere: /produkt/evoline-express. Kabel/tilbehør uten egen søke- eller leadverdi – nevnes på Express-siden,,,,/produkt/evoline-express
https://kontorcompaniet.no/produkt/evoline-skjotekabel-25m/,produkt,200,ja,72,301,ARCHIVE,https://kontorcompaniet.no/merkevarer/evoline,,MIDLERTIDIG (produktsider utsatt) → merkesiden (Evoline). Senere: /produkt/evoline-express. Kabel/tilbehør uten egen søke- eller leadverdi – nevnes på Express-siden,,,,/produkt/evoline-express
https://kontorcompaniet.no/produkt/evoline-skjotekabel-3m/,produkt,200,ja,75,301,ARCHIVE,https://kontorcompaniet.no/merkevarer/evoline,,MIDLERTIDIG (produktsider utsatt) → merkesiden (Evoline). Senere: /produkt/evoline-express. Kabel/tilbehør uten egen søke- eller leadverdi – nevnes på Express-siden,,,,/produkt/evoline-express
https://kontorcompaniet.no/produkt/evoline-tilforselskabel-1m-sort/,produkt,200,ja,73,301,ARCHIVE,https://kontorcompaniet.no/merkevarer/evoline,,MIDLERTIDIG (produktsider utsatt) → merkesiden (Evoline). Senere: /produkt/evoline-express. Kabel/tilbehør uten egen søke- eller leadverdi – nevnes på Express-siden,,,,/produkt/evoline-express
https://kontorcompaniet.no/produkt/evoline-tilforselskabel-2m-sort/,produkt,200,ja,73,301,ARCHIVE,https://kontorcompaniet.no/merkevarer/evoline,,MIDLERTIDIG (produktsider utsatt) → merkesiden (Evoline). Senere: /produkt/evoline-express. Kabel/tilbehør uten egen søke- eller leadverdi – nevnes på Express-siden,,,,/produkt/evoline-express
https://kontorcompaniet.no/produkt/evoline-tilforselskabel-3m-sort/,produkt,200,ja,74,301,ARCHIVE,https://kontorcompaniet.no/merkevarer/evoline,,MIDLERTIDIG (produktsider utsatt) → merkesiden (Evoline). Senere: /produkt/evoline-express. Kabel/tilbehør uten egen søke- eller leadverdi – nevnes på Express-siden,,,,/produkt/evoline-express
https://kontorcompaniet.no/produkt/fogia-bollo/,produkt,200,ja,0,301,KEEP,https://kontorcompaniet.no/produkter/sofa-og-lounge,,MIDLERTIDIG (produktsider utsatt) → kategorisiden (Loungestoler). Senere: /produkt/fogia-bollo. Norsk design (Andreas Engelsvik). 0 innlenker i dag. Fogia står ikke på leverandørlisten – bekreft,Bekreft med Kontorcompaniet,,,/produkt/fogia-bollo
https://kontorcompaniet.no/produkt/fora-form-bud-unite-konferansestol/,produkt,500,ja,72,301,KEEP,https://kontorcompaniet.no/merkevarer/fora-form,,"MIDLERTIDIG (produktsider utsatt) → merkesiden (Fora Form). Senere: /produkt/fora-form-bud-unite-konferansestol. Norsk design, EPD, Møbelfakta · NB: svarer HTTP 500 i dag – bør fikses på dagens side nå",,,,/produkt/fora-form-bud-unite-konferansestol
https://kontorcompaniet.no/produkt/fora-form-city-4-ben/,produkt,200,ja,72,301,KEEP,https://kontorcompaniet.no/merkevarer/fora-form,,"MIDLERTIDIG (produktsider utsatt) → merkesiden (Fora Form). Senere: /produkt/fora-form-city-4-ben. Norsk design, EPD",,,,/produkt/fora-form-city-4-ben
https://kontorcompaniet.no/produkt/fora-form-kabelluke-med-bronn/,produkt,200,ja,73,301,ARCHIVE,https://kontorcompaniet.no/merkevarer/fora-form,,MIDLERTIDIG (produktsider utsatt) → merkesiden (Fora Form). Senere: /produkt/fora-form-kvart-motebord. Tilbehør til møtebord,,,,/produkt/fora-form-kvart-motebord
https://kontorcompaniet.no/produkt/fora-form-senso-3-seter-hoy-pent-brukt/,produkt,200,ja,74,301,REDIRECT,https://kontorcompaniet.no/brukt,,"Unik bruktvare. Hvis fortsatt tilgjengelig ved lansering: 301 til /brukt/{slug}, ellers /brukt",Sjekk lagerstatus ved lansering,,,
https://kontorcompaniet.no/produkt/hag-capisco-8106/,produkt,200,ja,3,301,KEEP,https://kontorcompaniet.no/merkevarer/hag,,"MIDLERTIDIG (produktsider utsatt) → merkesiden (Håg). Senere: /produkt/hag-capisco-8106. Ikonisk modell, høy søkeverdi, egen brukerguide",,,,/produkt/hag-capisco-8106
https://kontorcompaniet.no/produkt/hag-celi-9100/,produkt,500,ja,71,301,KEEP,https://kontorcompaniet.no/merkevarer/hag,,"MIDLERTIDIG (produktsider utsatt) → merkesiden (Håg). Senere: /produkt/hag-celi-9100. HÅG, EPD, Greenguard · NB: svarer HTTP 500 i dag – bør fikses på dagens side nå",,,,/produkt/hag-celi-9100
https://kontorcompaniet.no/produkt/hag-creed-6006-kontorstol/,produkt,500,ja,72,301,KEEP,https://kontorcompaniet.no/merkevarer/hag,,"MIDLERTIDIG (produktsider utsatt) → merkesiden (Håg). Senere: /produkt/hag-creed-6006-kontorstol. HÅG, EPD + miljømerker · NB: svarer HTTP 500 i dag – bør fikses på dagens side nå",,,,/produkt/hag-creed-6006-kontorstol
https://kontorcompaniet.no/produkt/hag-futu-mesh-1100-s/,produkt,200,ja,74,301,KEEP,https://kontorcompaniet.no/merkevarer/hag,,"MIDLERTIDIG (produktsider utsatt) → merkesiden (Håg). Senere: /produkt/hag-futu-mesh-1100-s. HÅG, 10 bilder, EPD",,,,/produkt/hag-futu-mesh-1100-s
https://kontorcompaniet.no/produkt/hag-sofi-mesh-7500-2/,produkt,200,ja,4,301,REDIRECT,https://kontorcompaniet.no/merkevarer/hag,,MIDLERTIDIG (produktsider utsatt) → merkesiden (Håg). Senere: /produkt/hag-sofi-mesh-7500. Rydd bort -2 (basis-slug finnes ikke). Egen brukerguide,,,,/produkt/hag-sofi-mesh-7500
https://kontorcompaniet.no/produkt/hay-about-a-chair-222/,produkt,200,ja,70,301,KEEP,https://kontorcompaniet.no/produkter/kantinestoler,,"MIDLERTIDIG (produktsider utsatt) → kategorisiden (Stoler). Senere: /produkt/hay-about-a-chair-222. Kjent designstol (AAC 22), 19 bilder",,,,/produkt/hay-about-a-chair-222
https://kontorcompaniet.no/produkt/horreds-mute-focus-high-utstillingsprodukt/,produkt,200,ja,72,301,REDIRECT,https://kontorcompaniet.no/brukt,,"Unik bruktvare. Hvis fortsatt tilgjengelig ved lansering: 301 til /brukt/{slug}, ellers /brukt",Sjekk lagerstatus ved lansering,,,
https://kontorcompaniet.no/produkt/horreds-mute-focus-low-utstillingsprodukt-2/,produkt,200,ja,71,301,REDIRECT,https://kontorcompaniet.no/brukt,,"Unik bruktvare. Hvis fortsatt tilgjengelig ved lansering: 301 til /brukt/{slug}, ellers /brukt",Sjekk lagerstatus ved lansering,,,
https://kontorcompaniet.no/produkt/horreds-mute-focus-low-utstillingsprodukt/,produkt,200,ja,71,301,REDIRECT,https://kontorcompaniet.no/brukt,,"Unik bruktvare. Hvis fortsatt tilgjengelig ved lansering: 301 til /brukt/{slug}, ellers /brukt",Sjekk lagerstatus ved lansering,,,
https://kontorcompaniet.no/produkt/muuto-outline-3-seter/,produkt,200,ja,2,301,KEEP,https://kontorcompaniet.no/merkevarer/muuto,,MIDLERTIDIG (produktsider utsatt) → merkesiden (Muuto). Senere: /produkt/muuto-outline-3-seter. Tre identiske titler → én side,,,,/produkt/muuto-outline-3-seter
https://kontorcompaniet.no/produkt/profim-noor-6050/,produkt,500,ja,70,301,KEEP,https://kontorcompaniet.no/produkter/kantinestoler,,MIDLERTIDIG (produktsider utsatt) → kategorisiden (Stoler). Senere: /produkt/profim-noor-6050. EPD + Greenguard. Profim står ikke på leverandørlisten – bekreft · NB: svarer HTTP 500 i dag – bør fikses på dagens side nå,Bekreft med Kontorcompaniet,,,/produkt/profim-noor-6050
https://kontorcompaniet.no/produkt/sedus-seflex/,produkt,404,nei,0,301,REDIRECT,https://kontorcompaniet.no/merkevarer/sedus,,Produktet er fjernet (404 i dag). Sedus føres fortsatt – merkeside er nærmeste relevante mål.,,,,
https://kontorcompaniet.no/produkt/vitra-eames-loungechair/,produkt,500,ja,73,301,KEEP,https://kontorcompaniet.no/merkevarer/vitra,,MIDLERTIDIG (produktsider utsatt) → merkesiden (Vitra). Senere: /produkt/vitra-eames-loungechair. Svært høy søkeverdi (designikon) · NB: svarer HTTP 500 i dag – bør fikses på dagens side nå,,,,/produkt/vitra-eames-loungechair
https://kontorcompaniet.no/produkt/vitra-eames-plastic-sidechair-dsr/,produkt,500,ja,73,301,KEEP,https://kontorcompaniet.no/merkevarer/vitra,,MIDLERTIDIG (produktsider utsatt) → merkesiden (Vitra). Senere: /produkt/vitra-eames-plastic-side-chair-dsr. Ny slug: Høy søkeverdi. NB: ny slug er foreslått for riktig navn – beholdes gammel hvis GSC viser trafikk · NB: svarer HTTP 500 i dag – bør fikses på dagens side nå,,,,/produkt/vitra-eames-plastic-side-chair-dsr
https://kontorcompaniet.no/produkt/vitra-id-trim-kopi/,produkt,200,ja,73,301,REDIRECT,https://kontorcompaniet.no/merkevarer/vitra,,MIDLERTIDIG (produktsider utsatt) → merkesiden (Vitra). Senere: /produkt/vitra-id-trim. «-kopi» (mesh-versjon) er variant av samme modell,,,,/produkt/vitra-id-trim
https://kontorcompaniet.no/produkt/vitra-id-trim/,produkt,200,ja,73,301,KEEP,https://kontorcompaniet.no/merkevarer/vitra,,MIDLERTIDIG (produktsider utsatt) → merkesiden (Vitra). Senere: /produkt/vitra-id-trim. Vitra kontorstol,,,,/produkt/vitra-id-trim
https://kontorcompaniet.no/produkt/vitra-physix/,produkt,200,ja,72,301,KEEP,https://kontorcompaniet.no/merkevarer/vitra,,MIDLERTIDIG (produktsider utsatt) → merkesiden (Vitra). Senere: /produkt/vitra-physix. Mangler beskrivelse i dag – må skrives,,,,/produkt/vitra-physix
https://kontorcompaniet.no/produkt-stikkord/miljo/,produkt-tag,200,ja,0,301,,https://kontorcompaniet.no/baerekraft,,Tag med 1 produkt,,,,
https://kontorcompaniet.no/produkt-stikkord/utstillingsvare/,produkt-tag,200,ja,0,301,,https://kontorcompaniet.no/brukt,,Utstillingsvarer selges via bruktsiden,,,,
https://kontorcompaniet.no/butikk,side,301,nei,1,301,,https://kontorcompaniet.no/produkter,,,,,,
https://kontorcompaniet.no/butikk/,side,200,ja,203,301,,https://kontorcompaniet.no/produkter,,Nettbutikk-hub → produkthub,,,,
https://kontorcompaniet.no/cookies,side,301,nei,1,301,,https://kontorcompaniet.no/informasjonskapsler,,,,,,
https://kontorcompaniet.no/cookies/,side,200,ja,0,301,,https://kontorcompaniet.no/informasjonskapsler,,,,,,
https://kontorcompaniet.no/ergonomi-pa-arbeidsplassen/,side,200,ja,4,301,,https://kontorcompaniet.no/inspirasjon/ergonomi-pa-arbeidsplassen,,Oppdateres (2020-tekst) og kobles til /losninger/ergonomi,,,,
https://kontorcompaniet.no/forstyrrende-stoy-og-darlig-akustikk-pa-arbeidsplassen-kan-forarsake-stress/,side,200,ja,4,301,,https://kontorcompaniet.no/inspirasjon/stoy-og-akustikk-pa-kontoret,,Oppdateres og kobles til /losninger/akustikk,,,,
https://kontorcompaniet.no/framerykampanje/,side,200,ja,4,301,,https://kontorcompaniet.no/losninger/stillerom,,Utløpt kampanje (2020) om Framery stillerom – løsningssiden er relevant mål,,,,
https://kontorcompaniet.no/kontakt/,side,301,nei,7,301,,https://kontorcompaniet.no/kontakt,,Eksisterende 301 i dag – beholdes til nytt mål (ingen kjede),,,,
https://kontorcompaniet.no/leverandorer/,side,200,ja,203,301,,https://kontorcompaniet.no/merkevarer,,Leverandøroversikt blir merkevarehub,,,,
https://kontorcompaniet.no/miljo-baerekraft/,side,200,ja,203,301,,https://kontorcompaniet.no/baerekraft,,"Miljøfyrtårn, Grønt Punkt, miljømerking – eget tema",,,,
https://kontorcompaniet.no/om-oss/kontakt/,side,200,ja,203,301,,https://kontorcompaniet.no/kontakt,,Kontakt flyttes til toppnivå,,,,
https://kontorcompaniet.no/produkterogtjenester/,side,200,ja,203,301,,https://kontorcompaniet.no/losninger,,Tjenesteinnhold splittes til løsningssider; hub er nærmeste mål,,,,
https://kontorcompaniet.no/prosjekt-norwegian/,side,200,ja,4,301,,https://kontorcompaniet.no/prosjekter/norwegian-fornebu,,"Blir fullverdig prosjektside (750 arbeidsplasser, 4 filmer)",,,,
https://kontorcompaniet.no/sikkerhet-og-personvern/,side,200,ja,203,301,,https://kontorcompaniet.no/personvern,,,,,,
https://kontorcompaniet.no/?page_id=46,system,200,ja,0,301,,https://kontorcompaniet.no/inspirasjon,,Gammel bloggside,,,,
https://kontorcompaniet.no/produktkategori/arbeidsplassen/bordskjermer/,kategori,200,nei,0,MERGE,,https://kontorcompaniet.no/produkter/akustikk,,Duplikat,,,,
https://kontorcompaniet.no/produktkategori/bordskjermer/,kategori,200,ja,0,MERGE,,https://kontorcompaniet.no/produkter/akustikk,,Bordskjermer blir filter under akustikk,,,,
https://kontorcompaniet.no/produktkategori/komponenter/,kategori,200,ja,0,MERGE,,https://kontorcompaniet.no/produkter/skrivebord,,Bordplater/understell/kabelrenner – del av skrivebord,,,,
https://kontorcompaniet.no/produktkategori/loungestoler/,kategori,200,ja,0,MERGE,,https://kontorcompaniet.no/produkter/sofa-og-lounge,,,,,,
https://kontorcompaniet.no/produktkategori/skrivebord-el-hev-senk/,kategori,200,ja,0,MERGE,,https://kontorcompaniet.no/produkter/skrivebord,,Hev/senk dekkes på skrivebordssiden til sortimentet forsvarer egen underkategori,,,,
https://kontorcompaniet.no/produktkategori/skrivebord-fast-understell/,kategori,200,ja,0,MERGE,,https://kontorcompaniet.no/produkter/skrivebord,,,,,,
https://kontorcompaniet.no/produktkategori/skrivebord/komponenter/,kategori,200,nei,0,MERGE,,https://kontorcompaniet.no/produkter/skrivebord,,Duplikat av komponenter,,,,
https://kontorcompaniet.no/produktkategori/sofa/,kategori,200,ja,0,MERGE,,https://kontorcompaniet.no/produkter/sofa-og-lounge,,,,,,
https://kontorcompaniet.no/produkt/abstracta-soneo-bordskjerm-1200x650x30-mm/,produkt,200,ja,71,MERGE,MERGE,https://kontorcompaniet.no/merkevarer/abstracta,,MIDLERTIDIG (produktsider utsatt) → merkesiden (Abstracta). Senere: /produkt/abstracta-soneo-bordskjerm. Bredder som informasjon,,,,/produkt/abstracta-soneo-bordskjerm
https://kontorcompaniet.no/produkt/abstracta-soneo-bordskjerm-1400x650x30-mm/,produkt,200,ja,71,MERGE,MERGE,https://kontorcompaniet.no/merkevarer/abstracta,,MIDLERTIDIG (produktsider utsatt) → merkesiden (Abstracta). Senere: /produkt/abstracta-soneo-bordskjerm. Bredder som informasjon,,,,/produkt/abstracta-soneo-bordskjerm
https://kontorcompaniet.no/produkt/abstracta-soneo-bordskjerm-1600x650x30-mm/,produkt,200,ja,71,MERGE,MERGE,https://kontorcompaniet.no/merkevarer/abstracta,,MIDLERTIDIG (produktsider utsatt) → merkesiden (Abstracta). Senere: /produkt/abstracta-soneo-bordskjerm. Bredder som informasjon,,,,/produkt/abstracta-soneo-bordskjerm
https://kontorcompaniet.no/produkt/dencon-delta-konferansebord-140x80-cm/,produkt,200,ja,73,MERGE,MERGE,https://kontorcompaniet.no/merkevarer/dencon,,MIDLERTIDIG (produktsider utsatt) → merkesiden (Dencon). Senere: /produkt/dencon-delta-konferansebord. Seks størrelser → én side,,,,/produkt/dencon-delta-konferansebord
https://kontorcompaniet.no/produkt/dencon-delta-konferansebord-160x80-cm/,produkt,200,ja,71,MERGE,MERGE,https://kontorcompaniet.no/merkevarer/dencon,,MIDLERTIDIG (produktsider utsatt) → merkesiden (Dencon). Senere: /produkt/dencon-delta-konferansebord. Seks størrelser → én side,,,,/produkt/dencon-delta-konferansebord
https://kontorcompaniet.no/produkt/dencon-delta-konferansebord-180x80-cm/,produkt,200,ja,77,MERGE,MERGE,https://kontorcompaniet.no/merkevarer/dencon,,MIDLERTIDIG (produktsider utsatt) → merkesiden (Dencon). Senere: /produkt/dencon-delta-konferansebord. Seks størrelser → én side,,,,/produkt/dencon-delta-konferansebord
https://kontorcompaniet.no/produkt/dencon-delta-konferansebord-180x90-cm/,produkt,200,ja,71,MERGE,MERGE,https://kontorcompaniet.no/merkevarer/dencon,,MIDLERTIDIG (produktsider utsatt) → merkesiden (Dencon). Senere: /produkt/dencon-delta-konferansebord. Seks størrelser → én side,,,,/produkt/dencon-delta-konferansebord
https://kontorcompaniet.no/produkt/dencon-delta-konferansebord-200x100-cm/,produkt,200,ja,78,MERGE,MERGE,https://kontorcompaniet.no/merkevarer/dencon,,MIDLERTIDIG (produktsider utsatt) → merkesiden (Dencon). Senere: /produkt/dencon-delta-konferansebord. Seks størrelser → én side,,,,/produkt/dencon-delta-konferansebord
https://kontorcompaniet.no/produkt/dencon-delta-konferansebord-220x100-cm/,produkt,200,ja,71,MERGE,MERGE,https://kontorcompaniet.no/merkevarer/dencon,,MIDLERTIDIG (produktsider utsatt) → merkesiden (Dencon). Senere: /produkt/dencon-delta-konferansebord. Seks størrelser → én side,,,,/produkt/dencon-delta-konferansebord
https://kontorcompaniet.no/produkt/dencon-skap-3xa4/,produkt,200,ja,72,MERGE,MERGE,https://kontorcompaniet.no/merkevarer/dencon,,MIDLERTIDIG (produktsider utsatt) → merkesiden (Dencon). Senere: /produkt/dencon-skap. Høyder som informasjon. Beskrivelse mangler – må skrives,,,,/produkt/dencon-skap
https://kontorcompaniet.no/produkt/dencon-skap-4xa4/,produkt,200,ja,73,MERGE,MERGE,https://kontorcompaniet.no/merkevarer/dencon,,MIDLERTIDIG (produktsider utsatt) → merkesiden (Dencon). Senere: /produkt/dencon-skap. Høyder som informasjon. Beskrivelse mangler – må skrives,,,,/produkt/dencon-skap
https://kontorcompaniet.no/produkt/dencon-skrivebord-120x80-cm-2/,produkt,200,ja,74,MERGE,MERGE,https://kontorcompaniet.no/merkevarer/dencon,,"MIDLERTIDIG (produktsider utsatt) → merkesiden (Dencon). Senere: /produkt/dencon-skrivebord. Én side: hev/senk og fast høyde, størrelser som informasjon (ikke SKU). Slugs i dag er delvis feil",,,,/produkt/dencon-skrivebord
https://kontorcompaniet.no/produkt/dencon-skrivebord-120x80-cm/,produkt,200,ja,71,MERGE,MERGE,https://kontorcompaniet.no/merkevarer/dencon,,"MIDLERTIDIG (produktsider utsatt) → merkesiden (Dencon). Senere: /produkt/dencon-skrivebord. Én side: hev/senk og fast høyde, størrelser som informasjon (ikke SKU). Slugs i dag er delvis feil",,,,/produkt/dencon-skrivebord
https://kontorcompaniet.no/produkt/dencon-skrivebord-140x80-cm-2/,produkt,200,ja,78,MERGE,MERGE,https://kontorcompaniet.no/merkevarer/dencon,,"MIDLERTIDIG (produktsider utsatt) → merkesiden (Dencon). Senere: /produkt/dencon-skrivebord. Én side: hev/senk og fast høyde, størrelser som informasjon (ikke SKU). Slugs i dag er delvis feil",,,,/produkt/dencon-skrivebord
https://kontorcompaniet.no/produkt/dencon-skrivebord-140x80-cm/,produkt,200,ja,70,MERGE,MERGE,https://kontorcompaniet.no/merkevarer/dencon,,"MIDLERTIDIG (produktsider utsatt) → merkesiden (Dencon). Senere: /produkt/dencon-skrivebord. Én side: hev/senk og fast høyde, størrelser som informasjon (ikke SKU). Slugs i dag er delvis feil",,,,/produkt/dencon-skrivebord
https://kontorcompaniet.no/produkt/dencon-skrivebord-160x80-cm/,produkt,200,ja,4,MERGE,MERGE,https://kontorcompaniet.no/merkevarer/dencon,,"MIDLERTIDIG (produktsider utsatt) → merkesiden (Dencon). Senere: /produkt/dencon-skrivebord. Én side: hev/senk og fast høyde, størrelser som informasjon (ikke SKU). Slugs i dag er delvis feil",,,,/produkt/dencon-skrivebord
https://kontorcompaniet.no/produkt/dencon-skrivebord-fast-hoyde-140x80-cm/,produkt,200,ja,73,MERGE,MERGE,https://kontorcompaniet.no/merkevarer/dencon,,"MIDLERTIDIG (produktsider utsatt) → merkesiden (Dencon). Senere: /produkt/dencon-skrivebord. Én side: hev/senk og fast høyde, størrelser som informasjon (ikke SKU). Slugs i dag er delvis feil",,,,/produkt/dencon-skrivebord
https://kontorcompaniet.no/produkt/dencon-utrekksskap-2xa4/,produkt,200,ja,72,MERGE,MERGE,https://kontorcompaniet.no/merkevarer/dencon,,MIDLERTIDIG (produktsider utsatt) → merkesiden (Dencon). Senere: /produkt/dencon-uttrekksskap. Rettet skrivefeil. Beskrivelse mangler,,,,/produkt/dencon-uttrekksskap
https://kontorcompaniet.no/produkt/dencon-uttrekksskap-3xa4/,produkt,200,ja,73,MERGE,MERGE,https://kontorcompaniet.no/merkevarer/dencon,,MIDLERTIDIG (produktsider utsatt) → merkesiden (Dencon). Senere: /produkt/dencon-uttrekksskap. Rettet skrivefeil. Beskrivelse mangler,,,,/produkt/dencon-uttrekksskap
https://kontorcompaniet.no/produkt/evoline-circle80-disq/,produkt,500,ja,74,MERGE,MERGE,https://kontorcompaniet.no/merkevarer/evoline,,MIDLERTIDIG (produktsider utsatt) → merkesiden (Evoline). Senere: /produkt/evoline-circle80. DisQ (trådløs lading) som variant · NB: svarer HTTP 500 i dag – bør fikses på dagens side nå,,,,/produkt/evoline-circle80
https://kontorcompaniet.no/produkt/evoline-express-2xel-klikksystem/,produkt,200,ja,71,MERGE,MERGE,https://kontorcompaniet.no/merkevarer/evoline,,MIDLERTIDIG (produktsider utsatt) → merkesiden (Evoline). Senere: /produkt/evoline-express. Systemside for strøm på arbeidsplassen,,,,/produkt/evoline-express
https://kontorcompaniet.no/produkt/evoline-express-3xschuko-klikksystem/,produkt,200,ja,73,MERGE,MERGE,https://kontorcompaniet.no/merkevarer/evoline,,MIDLERTIDIG (produktsider utsatt) → merkesiden (Evoline). Senere: /produkt/evoline-express. Systemside for strøm på arbeidsplassen,,,,/produkt/evoline-express
https://kontorcompaniet.no/produkt/evoline-express-4xel-klikksystem/,produkt,200,ja,71,MERGE,MERGE,https://kontorcompaniet.no/merkevarer/evoline,,MIDLERTIDIG (produktsider utsatt) → merkesiden (Evoline). Senere: /produkt/evoline-express. Systemside for strøm på arbeidsplassen,,,,/produkt/evoline-express
https://kontorcompaniet.no/produkt/fora-form-kvart-motebord-240x120-2/,produkt,200,ja,71,MERGE,MERGE,https://kontorcompaniet.no/merkevarer/fora-form,,MIDLERTIDIG (produktsider utsatt) → merkesiden (Fora Form). Senere: /produkt/fora-form-kvart-motebord. Duplikat + størrelser → én side. NB: «240x120» er i dag 200×120,,,,/produkt/fora-form-kvart-motebord
https://kontorcompaniet.no/produkt/fora-form-kvart-motebord-240x120/,produkt,200,ja,73,MERGE,MERGE,https://kontorcompaniet.no/merkevarer/fora-form,,MIDLERTIDIG (produktsider utsatt) → merkesiden (Fora Form). Senere: /produkt/fora-form-kvart-motebord. Duplikat + størrelser → én side. NB: «240x120» er i dag 200×120,,,,/produkt/fora-form-kvart-motebord
https://kontorcompaniet.no/produkt/fora-form-kvart-motebord-260x120/,produkt,200,ja,70,MERGE,MERGE,https://kontorcompaniet.no/merkevarer/fora-form,,MIDLERTIDIG (produktsider utsatt) → merkesiden (Fora Form). Senere: /produkt/fora-form-kvart-motebord. Duplikat + størrelser → én side. NB: «240x120» er i dag 200×120,,,,/produkt/fora-form-kvart-motebord
https://kontorcompaniet.no/produkt/fora-form-senso-2-seter-hoy/,produkt,500,ja,75,MERGE,MERGE,https://kontorcompaniet.no/merkevarer/fora-form,,MIDLERTIDIG (produktsider utsatt) → merkesiden (Fora Form). Senere: /produkt/fora-form-senso-hoy. 2- og 3-seter på én side · NB: svarer HTTP 500 i dag – bør fikses på dagens side nå,,,,/produkt/fora-form-senso-hoy
https://kontorcompaniet.no/produkt/fora-form-senso-3-seter-hoy/,produkt,500,ja,74,MERGE,MERGE,https://kontorcompaniet.no/merkevarer/fora-form,,MIDLERTIDIG (produktsider utsatt) → merkesiden (Fora Form). Senere: /produkt/fora-form-senso-hoy. 2- og 3-seter på én side · NB: svarer HTTP 500 i dag – bør fikses på dagens side nå,,,,/produkt/fora-form-senso-hoy
https://kontorcompaniet.no/produkt/hag-tribute-9021-kontorstol/,produkt,500,ja,73,MERGE,MERGE,https://kontorcompaniet.no/merkevarer/hag,,MIDLERTIDIG (produktsider utsatt) → merkesiden (Håg). Senere: /produkt/hag-tribute. Én familieside: 9021 og 9031 (med nakkestøtte) som modellvarianter · NB: svarer HTTP 500 i dag – bør fikses på dagens side nå,,,,/produkt/hag-tribute
https://kontorcompaniet.no/produkt/hag-tribute-9031-kontorstol/,produkt,500,ja,71,MERGE,MERGE,https://kontorcompaniet.no/merkevarer/hag,,MIDLERTIDIG (produktsider utsatt) → merkesiden (Håg). Senere: /produkt/hag-tribute. Én familieside: 9021 og 9031 (med nakkestøtte) som modellvarianter · NB: svarer HTTP 500 i dag – bør fikses på dagens side nå,,,,/produkt/hag-tribute
https://kontorcompaniet.no/produkt/muuto-outline-3-seter-2/,produkt,200,ja,2,MERGE,MERGE,https://kontorcompaniet.no/merkevarer/muuto,,MIDLERTIDIG (produktsider utsatt) → merkesiden (Muuto). Senere: /produkt/muuto-outline-3-seter. Tre identiske titler → én side,,,,/produkt/muuto-outline-3-seter
https://kontorcompaniet.no/produkt/muuto-outline-3-seter-3/,produkt,200,ja,2,MERGE,MERGE,https://kontorcompaniet.no/merkevarer/muuto,,MIDLERTIDIG (produktsider utsatt) → merkesiden (Muuto). Senere: /produkt/muuto-outline-3-seter. Tre identiske titler → én side,,,,/produkt/muuto-outline-3-seter
https://kontorcompaniet.no/produkt/vitra-physix-konferansestol/,produkt,200,ja,71,MERGE,MERGE,https://kontorcompaniet.no/merkevarer/vitra,,MIDLERTIDIG (produktsider utsatt) → merkesiden (Vitra). Senere: /produkt/vitra-physix. Samme modellfamilie; understell/tekstil er detaljer for tilbudsfasen,,,,/produkt/vitra-physix
https://kontorcompaniet.no/produkt/vitra-soft-pad-217/,produkt,200,ja,2,MERGE,MERGE,https://kontorcompaniet.no/merkevarer/vitra,,MIDLERTIDIG (produktsider utsatt) → merkesiden (Vitra). Senere: /produkt/vitra-soft-pad-chair. EA 217 og EA 219 som varianter av Soft Pad Chair,,,,/produkt/vitra-soft-pad-chair
https://kontorcompaniet.no/produkt/vitra-soft-pad-219/,produkt,200,ja,4,MERGE,MERGE,https://kontorcompaniet.no/merkevarer/vitra,,MIDLERTIDIG (produktsider utsatt) → merkesiden (Vitra). Senere: /produkt/vitra-soft-pad-chair. EA 217 og EA 219 som varianter av Soft Pad Chair,,,,/produkt/vitra-soft-pad-chair
https://kontorcompaniet.no/butikk/vilkar-nettbutikk/,side,200,ja,0,MERGE,,https://kontorcompaniet.no/salgsbetingelser,,To vilkårssider slås sammen,,,,
https://kontorcompaniet.no/kjopsbetingelsene/,side,200,ja,203,MERGE,,https://kontorcompaniet.no/salgsbetingelser,,To vilkårssider slås sammen,,,,
https://kontorcompaniet.no/leveringstid/bestillingsvare-2-3-uker/,attributt-arkiv,200,ja,4,410,,,,Leveringstid-arkiv har ingen søkeintensjon,,,,
https://kontorcompaniet.no/leveringstid/bestillingsvare-3-5-uker/,attributt-arkiv,200,ja,7,410,,,,Leveringstid-arkiv har ingen søkeintensjon,,,,
https://kontorcompaniet.no/leveringstid/bestillingsvare-4-6-uker/,attributt-arkiv,200,ja,11,410,,,,Leveringstid-arkiv har ingen søkeintensjon,,,,
https://kontorcompaniet.no/leveringstid/bestillingsvare-5-7-uker/,attributt-arkiv,200,ja,3,410,,,,Leveringstid-arkiv har ingen søkeintensjon,,,,
https://kontorcompaniet.no/leveringstid/bestillingsvare-6-8-uker/,attributt-arkiv,200,ja,0,410,,,,Leveringstid-arkiv har ingen søkeintensjon,,,,
https://kontorcompaniet.no/leveringstid/lagerfort-3-5-dager/,attributt-arkiv,200,ja,1,410,,,,Leveringstid-arkiv har ingen søkeintensjon,,,,
https://kontorcompaniet.no/opprinnelsesland/danmark/,attributt-arkiv,200,ja,22,410,,,,Tynt fasettarkiv uten søkeintensjon,,,,
https://kontorcompaniet.no/opprinnelsesland/norge/,attributt-arkiv,200,ja,5,410,,,,Tynt fasettarkiv. VURDER egen side «norskproduserte kontormøbler» hvis GSC viser visninger.,,,,
https://kontorcompaniet.no/opprinnelsesland/polen/,attributt-arkiv,200,ja,3,410,,,,Tynt fasettarkiv uten søkeintensjon,,,,
https://kontorcompaniet.no/opprinnelsesland/sveits/,attributt-arkiv,200,ja,5,410,,,,Tynt fasettarkiv uten søkeintensjon,,,,
https://kontorcompaniet.no/opprinnelsesland/sverige/,attributt-arkiv,200,ja,3,410,,,,Tynt fasettarkiv uten søkeintensjon,,,,
https://kontorcompaniet.no/opprinnelsesland/tyskland/,attributt-arkiv,200,ja,1,410,,,,Tynt fasettarkiv uten søkeintensjon,,,,
https://kontorcompaniet.no/?jet-woo-builder=390,system,301,ja,0,410,,,,Intern malside (JetWoo) eksponert i sitemap,,,,
https://kontorcompaniet.no/?jet-woo-builder=6251,system,301,ja,0,410,,,,Intern malside (JetWoo) eksponert i sitemap,,,,
https://kontorcompaniet.no/?jet-woo-builder=butikk,system,301,ja,0,410,,,,Intern malside (JetWoo) eksponert i sitemap,,,,
https://kontorcompaniet.no/?jet-woo-builder=butikk-produkt,system,301,ja,0,410,,,,Intern malside (JetWoo) eksponert i sitemap,,,,
https://kontorcompaniet.no/author/heiadseo-no/,system,200,ja,0,410,,,,Forfatterarkiv for byrå – ingen verdi,,,,
https://kontorcompaniet.no/customer-login/,system,200,ja,0,410,,,,"System-/plugin-side (handlekurv, konto, RentMy, maler) – ingen erstatning",,,,
https://kontorcompaniet.no/customer-profile/,system,200,ja,0,410,,,,"System-/plugin-side (handlekurv, konto, RentMy, maler) – ingen erstatning",,,,
https://kontorcompaniet.no/customer-reset-password/,system,200,ja,0,410,,,,"System-/plugin-side (handlekurv, konto, RentMy, maler) – ingen erstatning",,,,
https://kontorcompaniet.no/elementor-hf/footer/,system,301,ja,0,410,,,,"System-/plugin-side (handlekurv, konto, RentMy, maler) – ingen erstatning",,,,
https://kontorcompaniet.no/elementor-hf/header/,system,301,ja,0,410,,,,"System-/plugin-side (handlekurv, konto, RentMy, maler) – ingen erstatning",,,,
https://kontorcompaniet.no/handlekurv/,system,200,ja,203,410,,,,"System-/plugin-side (handlekurv, konto, RentMy, maler) – ingen erstatning",,,,
https://kontorcompaniet.no/kassen/,system,302,ja,204,410,,,,"System-/plugin-side (handlekurv, konto, RentMy, maler) – ingen erstatning",,,,
https://kontorcompaniet.no/min-konto/,system,200,ja,203,410,,,,"System-/plugin-side (handlekurv, konto, RentMy, maler) – ingen erstatning",,,,
https://kontorcompaniet.no/min-onskeliste/,system,200,ja,0,410,,,,"System-/plugin-side (handlekurv, konto, RentMy, maler) – ingen erstatning",,,,
https://kontorcompaniet.no/registration,system,301,nei,2,410,,,,"System-/plugin-side (handlekurv, konto, RentMy, maler) – ingen erstatning",,,,
https://kontorcompaniet.no/registration-2/,system,200,ja,0,410,,,,"System-/plugin-side (handlekurv, konto, RentMy, maler) – ingen erstatning",,,,
https://kontorcompaniet.no/registrer,system,301,nei,2,410,,,,"System-/plugin-side (handlekurv, konto, RentMy, maler) – ingen erstatning",,,,
https://kontorcompaniet.no/registrer/,system,200,ja,0,410,,,,"System-/plugin-side (handlekurv, konto, RentMy, maler) – ingen erstatning",,,,
https://kontorcompaniet.no/rentmy-cart/,system,200,ja,0,410,,,,"System-/plugin-side (handlekurv, konto, RentMy, maler) – ingen erstatning",,,,
https://kontorcompaniet.no/rentmy-checkout/,system,200,ja,0,410,,,,"System-/plugin-side (handlekurv, konto, RentMy, maler) – ingen erstatning",,,,
https://kontorcompaniet.no/rentmy-package-details/,system,200,ja,0,410,,,,"System-/plugin-side (handlekurv, konto, RentMy, maler) – ingen erstatning",,,,
https://kontorcompaniet.no/rentmy-product-details/,system,200,ja,0,410,,,,"System-/plugin-side (handlekurv, konto, RentMy, maler) – ingen erstatning",,,,
https://kontorcompaniet.no/rentmy-products-list/,system,200,ja,0,410,,,,"System-/plugin-side (handlekurv, konto, RentMy, maler) – ingen erstatning",,,,
https://kontorcompaniet.no/produkt/gullegg-18-cm-anthon-berg-spesial/,firmagave,200,ja,72,AVVENTER,,,A→B,"A hvis identisk produkt finnes i MerchMaker, ellers B: Påskegaver",,,,
https://kontorcompaniet.no/produkt/gullegg-med-italienske-sjokoladekuler-15-cm/,firmagave,200,ja,72,AVVENTER,,,A→B,"A hvis identisk produkt finnes i MerchMaker, ellers B: Påskegaver",,,,
https://kontorcompaniet.no/produkt/gullegg-med-italienske-sjokoladekuler-18-cm/,firmagave,200,ja,73,AVVENTER,,,A→B,"A hvis identisk produkt finnes i MerchMaker, ellers B: Påskegaver",,,,
https://kontorcompaniet.no/produkt/gullegg-med-italienske-sjokoladekuler-20-cm/,firmagave,200,ja,72,AVVENTER,,,A→B,"A hvis identisk produkt finnes i MerchMaker, ellers B: Påskegaver",,,,
https://kontorcompaniet.no/produkt/gullegg-med-merkesjokolade-15-cm/,firmagave,200,ja,74,AVVENTER,,,A→B,"A hvis identisk produkt finnes i MerchMaker, ellers B: Påskegaver",,,,
https://kontorcompaniet.no/produkt/gullegg-med-merkesjokolade-18-cm/,firmagave,200,ja,72,AVVENTER,,,A→B,"A hvis identisk produkt finnes i MerchMaker, ellers B: Påskegaver",,,,
https://kontorcompaniet.no/produkt/gullegg-med-merkesjokolade-20-cm/,firmagave,200,ja,75,AVVENTER,,,A→B,"A hvis identisk produkt finnes i MerchMaker, ellers B: Påskegaver",,,,
https://kontorcompaniet.no/produkt/italienske-smaker-i-gaveeske-medium/,firmagave,200,ja,69,AVVENTER,,,A→B,"A hvis identisk produkt finnes i MerchMaker, ellers B: Mat- og delikatessegaver",,,,
https://kontorcompaniet.no/produkt/italienske-smaker-i-gaveeske/,firmagave,200,ja,69,AVVENTER,,,A→B,"A hvis identisk produkt finnes i MerchMaker, ellers B: Mat- og delikatessegaver",,,,
https://kontorcompaniet.no/produkt/kortreist-spekemat-i-gaveeske/,firmagave,200,ja,69,AVVENTER,,,A→B,"A hvis identisk produkt finnes i MerchMaker, ellers B: Mat- og delikatessegaver",,,,
https://kontorcompaniet.no/produkt/norsk-spekemat-2-pk/,firmagave,200,ja,69,AVVENTER,,,A→B,"A hvis identisk produkt finnes i MerchMaker, ellers B: Mat- og delikatessegaver",,,,
https://kontorcompaniet.no/produkt/norsk-spekemat-3-pk/,firmagave,200,ja,69,AVVENTER,,,A→B,"A hvis identisk produkt finnes i MerchMaker, ellers B: Mat- og delikatessegaver",,,,
https://kontorcompaniet.no/produkt/olasekken-med-paskegodt-2/,firmagave,200,ja,73,AVVENTER,,,A→B,"A hvis identisk produkt finnes i MerchMaker, ellers B: Påskegaver",,,,
https://kontorcompaniet.no/produkt/olasekken-med-snadder-2/,firmagave,200,ja,69,AVVENTER,,,A→B,"A hvis identisk produkt finnes i MerchMaker, ellers B: Sommer/utendørs (kjølebag)",,,,
https://kontorcompaniet.no/produkt/olasekken-sott-og-salt-i-kjolesekken-2/,firmagave,200,ja,69,AVVENTER,,,A→B,"A hvis identisk produkt finnes i MerchMaker, ellers B: Sommer/utendørs (kjølebag)",,,,
https://kontorcompaniet.no/produkt/paskeegg-12-cm-klassikere/,firmagave,200,ja,75,AVVENTER,,,A→B,"A hvis identisk produkt finnes i MerchMaker, ellers B: Påskegaver",,,,
https://kontorcompaniet.no/produkt/paskeegg-12-cm-smagodt/,firmagave,200,ja,76,AVVENTER,,,A→B,"A hvis identisk produkt finnes i MerchMaker, ellers B: Påskegaver",,,,
https://kontorcompaniet.no/produkt/paskeegg-13-cm-smagodt-og-sjokolade/,firmagave,200,ja,73,AVVENTER,,,A→B,"A hvis identisk produkt finnes i MerchMaker, ellers B: Påskegaver",,,,
https://kontorcompaniet.no/produkt/paskeegg-15-cm-merkevarer/,firmagave,200,ja,74,AVVENTER,,,A→B,"A hvis identisk produkt finnes i MerchMaker, ellers B: Påskegaver",,,,
https://kontorcompaniet.no/produkt/paskeegg-15-cm-smagodt-og-sjokolade/,firmagave,200,ja,79,AVVENTER,,,A→B,"A hvis identisk produkt finnes i MerchMaker, ellers B: Påskegaver",,,,
https://kontorcompaniet.no/produkt/paskeegg-15-cm-smagodt/,firmagave,200,ja,74,AVVENTER,,,A→B,"A hvis identisk produkt finnes i MerchMaker, ellers B: Påskegaver",,,,
https://kontorcompaniet.no/produkt/paskeegg-18-cm-merkevarer/,firmagave,200,ja,71,AVVENTER,,,A→B,"A hvis identisk produkt finnes i MerchMaker, ellers B: Påskegaver",,,,
https://kontorcompaniet.no/produkt/paskeegg-18-cm-smagodt-og-sjokolade/,firmagave,200,ja,73,AVVENTER,,,A→B,"A hvis identisk produkt finnes i MerchMaker, ellers B: Påskegaver",,,,
https://kontorcompaniet.no/produkt/paskeegg-18-cm-smagodt/,firmagave,200,ja,75,AVVENTER,,,A→B,"A hvis identisk produkt finnes i MerchMaker, ellers B: Påskegaver",,,,
https://kontorcompaniet.no/produkt/paskeegg-23-cm-merkevarer-2/,firmagave,200,ja,78,AVVENTER,,,A→B,"A hvis identisk produkt finnes i MerchMaker, ellers B: Påskegaver",,,,
https://kontorcompaniet.no/produkt/paskeegg-23-cm-smagodt-og-ipb-850g/,firmagave,200,ja,75,AVVENTER,,,A→B,"A hvis identisk produkt finnes i MerchMaker, ellers B: Påskegaver",,,,
https://kontorcompaniet.no/produkt/paskeegg-23-cm-smagodt/,firmagave,200,ja,76,AVVENTER,,,A→B,"A hvis identisk produkt finnes i MerchMaker, ellers B: Påskegaver",,,,
https://kontorcompaniet.no/produkt/paskeegg-30-cm-smagodt-2/,firmagave,200,ja,77,AVVENTER,,,A→B,"A hvis identisk produkt finnes i MerchMaker, ellers B: Påskegaver",,,,
https://kontorcompaniet.no/produkt/paskeegg-30-cm-smagodt-og-sjokolade-2/,firmagave,200,ja,75,AVVENTER,,,A→B,"A hvis identisk produkt finnes i MerchMaker, ellers B: Påskegaver",,,,
https://kontorcompaniet.no/produkt/paskeharens-favoritter/,firmagave,200,ja,74,AVVENTER,,,A→B,"A hvis identisk produkt finnes i MerchMaker, ellers B: Påskegaver",,,,
https://kontorcompaniet.no/produkt/paskeposen/,firmagave,200,ja,77,AVVENTER,,,A→B,"A hvis identisk produkt finnes i MerchMaker, ellers B: Påskegaver",,,,
https://kontorcompaniet.no/produkt/retro-kjolebag-med-paskesnadder-2/,firmagave,200,ja,69,AVVENTER,,,A→B,"A hvis identisk produkt finnes i MerchMaker, ellers B: Påskegaver",,,,
https://kontorcompaniet.no/produkt/rituals-the-ritual-of-sakura/,firmagave,200,ja,70,AVVENTER,,,A→B,"A hvis identisk produkt finnes i MerchMaker, ellers B: Velvære (Rituals)",,,,
https://kontorcompaniet.no/produkt/rituals-the-ritual-og-mehr/,firmagave,200,ja,70,AVVENTER,,,A→B,"A hvis identisk produkt finnes i MerchMaker, ellers B: Velvære (Rituals)",,,,
https://kontorcompaniet.no/produkt/spekenytelser-i-sekk/,firmagave,200,ja,69,AVVENTER,,,A→B,"A hvis identisk produkt finnes i MerchMaker, ellers B: Mat- og delikatessegaver",,,,
https://kontorcompaniet.no/produkt/taskeladden-paske/,firmagave,200,ja,76,AVVENTER,,,A→B,"A hvis identisk produkt finnes i MerchMaker, ellers B: Påskegaver",,,,
https://kontorcompaniet.no/produktkategori/firmagaver/,firmagave,200,ja,34,AVVENTER,,,B,MerchMaker-kategori: Firmagaver (tilsvarende kategori – ikke forside),,,,
https://kontorcompaniet.no/produktkategori/firmagaver/paskegaver/,firmagave,200,ja,34,AVVENTER,,,B,MerchMaker-kategori: Påskegaver,,,,
https://kontorcompaniet.no/produktkategori/firmagaver/strand-og-piknikk/,firmagave,200,nei,0,AVVENTER,,,B,MerchMaker-kategori: Sommergaver / strand og piknik,,,,
https://kontorcompaniet.no/produktkategori/rituals/,firmagave,200,ja,2,AVVENTER,,,B,MerchMaker-kategori: Velvære / Rituals,,,,
https://kontorcompaniet.no/produkt/trond-mois-pizzapose-spesial/,produkt,404,nei,0,AVVENTER,,,A→B,"Firmagave, 404 i dag. A hvis identisk produkt finnes i MerchMaker, ellers B: Matgaver",,,,
