old_url,type,observed_title,proposed_new_url,action,note
https://kontorcompaniet.no/,forside,"Hjem - Kontorinnredning til din bedrift | Kontorcompaniet AS",/,KEEP,Ny tittel uten dobbel suffiks
https://kontorcompaniet.no/om-oss/,side,"Om oss - Kontorinnredning til din bedrift | Kontorcompaniet AS",/om-oss,KEEP,Historikk siden 1981 + familieeid bevares
https://kontorcompaniet.no/om-oss/kontakt/,side,"Kontakt - Kontorinnredning til din bedrift | Kontorcompaniet AS",/kontakt,301,LocalBusiness-schema her
https://kontorcompaniet.no/leverandorer/,side,"Leverandører - Kontorinnredning til din bedrift | Kontorcompaniet AS",/merkevarer,301,Blir hub for merkevaresider
https://kontorcompaniet.no/produkterogtjenester/,side,"Produkter & Tjenester - Kontorinnredning til din bedrift | Kontorcompaniet AS",/losninger,301,Innhold splittes til løsningssider
https://kontorcompaniet.no/butikk/,arkiv,"Nettbutikk - Kontorinnredning til din bedrift | Kontorcompaniet AS",/produkter,301,
https://kontorcompaniet.no/butikk/kategori/kontorstoler/,arkiv (duplikat),"Nettbutikk - ...",/produkter/kontorstoler,301,Duplikat av produktkategori
https://kontorcompaniet.no/produktkategori/kontorstoler/,kategori,"Kontorstoler Arkiver - ...",/produkter/kontorstoler,301,
https://kontorcompaniet.no/produktkategori/arbeidsplassen/kontorstoler/,kategori (duplikat),"Kontorstoler Arkiver - ...",/produkter/kontorstoler,301,Samme kategori under to foreldre
https://kontorcompaniet.no/produktkategori/stoler/,kategori,"Stoler Arkiver - ...",/produkter,301,Avklar innhold – kan være for generisk
https://kontorcompaniet.no/produktkategori/moteromsstoler/,kategori,"Møteromsstoler Arkiver - ...",/produkter/moteromsstoler,301,
https://kontorcompaniet.no/produktkategori/motebord/,kategori,"Møtebord Arkiver - ...",/produkter/motebord,301,
https://kontorcompaniet.no/produktkategori/motebord/komponenter-motebord/,kategori,"Komponenter Arkiver - ...",/produkter/motebord,MERGE,Komponenter er ikke egen søkeintensjon
https://kontorcompaniet.no/produktkategori/skrivebord/,kategori,"Skrivebord Arkiver - ...",/produkter/skrivebord,301,
https://kontorcompaniet.no/produktkategori/arbeidsplassen/skrivebord/,kategori (duplikat),"Skrivebord Arkiver - ...",/produkter/skrivebord,301,
https://kontorcompaniet.no/produktkategori/skrivebord/komponenter/,kategori,"Komponenter Arkiver - ...",/produkter/skrivebord,MERGE,
https://kontorcompaniet.no/produktkategori/skrivebord-tilbehor/,kategori,"Skrivebord - Tilbehør Arkiver - ...",/produkter/tilbehor,301,
https://kontorcompaniet.no/produktkategori/bordskjermer/,kategori,"Bordskjermer Arkiver - ...",/produkter/akustikk/bordskjermer,301,Avklar om egen underkategori
https://kontorcompaniet.no/produktkategori/arbeidsplassen/bordskjermer/,kategori (duplikat),"Bordskjermer Arkiver - ...",/produkter/akustikk/bordskjermer,301,
https://kontorcompaniet.no/produktkategori/brukte-mobler/,kategori,"Brukte møbler Arkiver - ...",/brukt,301,Viktig: kobles til Møbelscout
https://kontorcompaniet.no/produkt-stikkord/pent-brukt/,tag,"Pent brukt Arkiver - ...",/brukt,301,Tag-arkiv – ikke indekseres videre
https://kontorcompaniet.no/produktkategori/brands/hag/,merke,"Håg Arkiver - ...",/merkevarer/hag,301,
https://kontorcompaniet.no/produktkategori/brands/muuto/,merke,"Muuto Arkiver - ...",/merkevarer/muuto,301,
https://kontorcompaniet.no/produktkategori/brands/fora-form/,merke,"Fora Form Arkiver - ...",/merkevarer/fora-form,301,
https://kontorcompaniet.no/product-brands/express/,merke (annen taksonomi),"Express Arkiver - ...",/merkevarer/express,301,To parallelle merke-taksonomier i dag – avklar hva Express er
https://kontorcompaniet.no/designer/lars-tornoe/,designer,"Lars Tornøe Arkiver - ...",/merkevarer/[produsent],301,Designer-arkiv er tynt – vurder MERGE eller 410
https://kontorcompaniet.no/opprinnelsesland/norge/,opprinnelsesland,"Norge Arkiver - ...",/produkter?land=norge,410,Tynt fasettarkiv – filter uten indeksering (vurder 301 til /produkter hvis lenket eksternt)
https://kontorcompaniet.no/opprinnelsesland/sverige/,opprinnelsesland,"Sverige Arkiver - ...",/produkter?land=sverige,410,Som over
https://kontorcompaniet.no/produktkategori/firmagaver/strand-og-piknikk/,firmagaver,"Strand og Piknikk Arkiver - ...",(MerchMaker-domene),301 eller 410,Ut av kjernen – avhenger av beslutning om MerchMaker
https://kontorcompaniet.no/produktkategori/rituals/,firmagaver,"Rituals Arkiver - ...",(MerchMaker-domene),301 eller 410,Som over
https://kontorcompaniet.no/produkt/trond-mois-pizzapose-spesial/,firmagave-produkt,"Trond Mois Pizzapose Spesial - ...",(MerchMaker-domene),301 eller 410,Som over
https://kontorcompaniet.no/produkt/hag-tribute-9031-kontorstol/,produkt,"Håg Tribute 9031 Kontorstol - ...",/produkt/hag-tribute-9031-kontorstol,KEEP,Anbefalt: behold /produkt/{slug}
https://kontorcompaniet.no/produkt/hag-tribute-9021-kontorstol/,produkt,"Håg Tribute 9021 Kontorstol - ...",/produkt/hag-tribute-9021-kontorstol,KEEP,
https://kontorcompaniet.no/produkt/hag-creed-6006-kontorstol/,produkt,"Håg Creed 6006 Kontorstol - ...",/produkt/hag-creed-6006-kontorstol,KEEP,
https://kontorcompaniet.no/produkt/hag-sofi-mesh-7500-2/,produkt,"Håg Sofi Mesh 7500 - ...",/produkt/hag-sofi-mesh-7500,301,Rydd bort -2-suffiks
https://kontorcompaniet.no/produkt/sedus-seflex/,produkt,"Sedus Se:Flex - ...",/produkt/sedus-se-flex,KEEP,Vurder slug-rydding kun hvis gevinst
https://kontorcompaniet.no/produkt/fora-form-bud-unite-konferansestol/,produkt,"Fora Form Bud Unite Konferansestol - ...",/produkt/fora-form-bud-unite-konferansestol,KEEP,
https://kontorcompaniet.no/produkt/dencon-skrivebord-120x80-cm/,produkt (størrelsesvariant),"Dencon El. hev/senk Skrivebord 120x80 cm - ...",/produkt/dencon-hev-senk-skrivebord,MERGE,Slug sier fast høyde men tittel sier hev/senk – størrelser blir varianter
https://kontorcompaniet.no/produkt/dencon-skrivebord-160x80-cm/,produkt (størrelsesvariant),"Dencon El. hev/senk Skrivebord 160x80 cm - ...",/produkt/dencon-hev-senk-skrivebord,MERGE,
https://kontorcompaniet.no/produkt/dencon-skrivebord-120x80-cm-2/,produkt (størrelsesvariant),"Dencon Skrivebord 120x80 cm - ...",/produkt/dencon-skrivebord,MERGE,
https://kontorcompaniet.no/produkt/dencon-skrivebord-fast-hoyde-140x80-cm/,produkt (størrelsesvariant),"Dencon Skrivebord 140x80 cm - ...",/produkt/dencon-skrivebord,MERGE,
https://kontorcompaniet.no/produkt/dencon-delta-konferansebord-160x80-cm/,produkt (størrelsesvariant),"Dencon Delta Konferansebord 160x80 cm - ...",/produkt/dencon-delta-konferansebord,MERGE,
https://kontorcompaniet.no/produkt/dencon-delta-konferansebord-180x80-cm/,produkt (størrelsesvariant),"Dencon Delta Konferansebord 180x80 cm - ...",/produkt/dencon-delta-konferansebord,MERGE,
https://kontorcompaniet.no/produkt/dencon-delta-konferansebord-180x90-cm/,produkt (størrelsesvariant),"Dencon Delta Konferansebord 180x90 cm - ...",/produkt/dencon-delta-konferansebord,MERGE,
https://kontorcompaniet.no/ergonomi-pa-arbeidsplassen/,artikkel (2020),"ERGONOMI PÅ ARBEIDSPLASSEN - ...",/inspirasjon/ergonomi-pa-arbeidsplassen,301,Oppdateres og kobles til /losninger/ergonomi
https://kontorcompaniet.no/forstyrrende-stoy-og-darlig-akustikk-pa-arbeidsplassen-kan-forarsake-stress/,artikkel (2020),"FORSTYRRENDE STØY OG DÅRLIG AKUSTIKK ... - ...",/inspirasjon/stoy-og-akustikk-pa-arbeidsplassen,301,Oppdateres og kobles til /losninger/akustikk
*?add-to-cart=*,parameter-URL,(indeksert i Google i dag),(samme URL uten parameter),301,Parameter strippes – i dag sløses crawlbudsjett
