id,navn,slug,url,http_status,segment,merke,kategorier,type,varianter,pris,sku,på_lager,bilder,bilder_uten_alt,beskrivelse_ord,kortbeskrivelse_ord,leveringstid,miljomerking,epd,garanti,opprinnelsesland,designer,farge/tekstil,slug_suffiks,produktfamilie,interne_innlenker,title,meta_description,schema,familie_størrelse
6986,Fora Form Senso 3-seter Høy (Pent brukt),fora-form-senso-3-seter-hoy-pent-brukt,https://kontorcompaniet.no/produkt/fora-form-senso-3-seter-hoy-pent-brukt/,200,brukt,Fora Form,Brukte møbler,simple,0,9500,,True,1,1,0,9,,,,,,,,,fora form senso 3-seter høy (pent brukt),74,Fora Form Senso 3-seter Høy (Pent brukt) - Kontorinnredning til din bedrift | Kontorcompaniet AS,Meget pen | Kvadrat Maple #Grå | Grønne ben,BreadcrumbList ImageObject Organization WebPage WebSite,1
6983,Horreds Mute Focus High (Utstillingsprodukt),horreds-mute-focus-high-utstillingsprodukt,https://kontorcompaniet.no/produkt/horreds-mute-focus-high-utstillingsprodukt/,200,brukt,Horreds,Brukte møbler,simple,0,6590,,True,1,1,0,12,,,,,,,,,horreds mute focus high (utstillingsprodukt),72,Horreds Mute Focus High (Utstillingsprodukt) - Kontorinnredning til din bedrift | Kontorcompaniet AS,Eik | Grå og Burgunder tekstil | Sorte ben | Arbeidsbord venstre,BreadcrumbList ImageObject Organization WebPage WebSite,1
6981,Horreds Mute Focus Low (Utstillingsprodukt),horreds-mute-focus-low-utstillingsprodukt-2,https://kontorcompaniet.no/produkt/horreds-mute-focus-low-utstillingsprodukt-2/,200,brukt,Horreds,Brukte møbler,simple,0,4950,,True,1,1,0,12,,,,,,,,ja,horreds mute focus low (utstillingsprodukt),71,Horreds Mute Focus Low (Utstillingsprodukt) - Kontorinnredning til din bedrift | Kontorcompaniet AS,Eik | Blå og burgunder tekstil | Sorte ben | Arbeidsbord høyre,BreadcrumbList ImageObject Organization WebPage WebSite,2
6977,Horreds Mute Focus Low (Utstillingsprodukt),horreds-mute-focus-low-utstillingsprodukt,https://kontorcompaniet.no/produkt/horreds-mute-focus-low-utstillingsprodukt/,200,brukt,Horreds,Brukte møbler,simple,0,4950,,True,1,1,0,11,,,,,,,,,horreds mute focus low (utstillingsprodukt),71,Horreds Mute Focus Low (Utstillingsprodukt) - Kontorinnredning til din bedrift | Kontorcompaniet AS,Mørkebrun Ask | Brugunder tekstil | Sorte ben | Arbeidsbord venstre,BreadcrumbList ImageObject Organization WebPage WebSite,2
8076,Gullegg 18 cm Anthon Berg spesial,gullegg-18-cm-anthon-berg-spesial,https://kontorcompaniet.no/produkt/gullegg-18-cm-anthon-berg-spesial/,200,firmagave,,"Firmagaver, Påskegaver",simple,0,250,51165,True,1,1,24,24,,,,,,,,,gullegg,72,Gullegg 18 cm Anthon Berg spesial - Kontorinnredning til din bedrift | Kontorcompaniet AS,"Innhold: Anthon Berg Opera Mints 140g, Anthon Berg Fugleegg / Marsipanegg Påske 80g, Anthon Berg Mandelegg 80g pose Påske 80g, Anthon Berg Marsipanbrød 25g.",BreadcrumbList ImageObject Organization WebPage WebSite,1
8081,Gullegg med Italienske sjokoladekuler 15 cm,gullegg-med-italienske-sjokoladekuler-15-cm,https://kontorcompaniet.no/produkt/gullegg-med-italienske-sjokoladekuler-15-cm/,200,firmagave,,"Firmagaver, Påskegaver",simple,0,150,51150,True,1,1,4,4,,,,,,,,,gullegg med italienske sjokoladekuler,72,Gullegg med Italienske sjokoladekuler 15 cm - Kontorinnredning til din bedrift | Kontorcompaniet AS,Italienske sjokoladekuler 300 g.,BreadcrumbList ImageObject Organization WebPage WebSite,3
8082,Gullegg med Italienske sjokoladekuler 18 cm,gullegg-med-italienske-sjokoladekuler-18-cm,https://kontorcompaniet.no/produkt/gullegg-med-italienske-sjokoladekuler-18-cm/,200,firmagave,,"Firmagaver, Påskegaver",simple,0,250,51155,True,1,1,4,4,,,,,,,,,gullegg med italienske sjokoladekuler,73,Gullegg med Italienske sjokoladekuler 18 cm - Kontorinnredning til din bedrift | Kontorcompaniet AS,Italienske sjokoladekuler 500 g.,BreadcrumbList ImageObject Organization WebPage WebSite,3
8083,Gullegg med Italienske sjokoladekuler 20 cm,gullegg-med-italienske-sjokoladekuler-20-cm,https://kontorcompaniet.no/produkt/gullegg-med-italienske-sjokoladekuler-20-cm/,200,firmagave,,"Firmagaver, Påskegaver",simple,0,325,51160,True,1,1,4,1,,,,,,,,,gullegg med italienske sjokoladekuler,72,Gullegg med Italienske sjokoladekuler 20 cm - Kontorinnredning til din bedrift | Kontorcompaniet AS,v,BreadcrumbList ImageObject Organization WebPage WebSite,3
8078,Gullegg med merkesjokolade 15 cm,gullegg-med-merkesjokolade-15-cm,https://kontorcompaniet.no/produkt/gullegg-med-merkesjokolade-15-cm/,200,firmagave,,"Firmagaver, Påskegaver",simple,0,129,51135,True,1,1,3,3,,,,,,,,,gullegg med merkesjokolade,74,Gullegg med merkesjokolade 15 cm - Kontorinnredning til din bedrift | Kontorcompaniet AS,Merkesjokolade 200 g.,BreadcrumbList ImageObject Organization WebPage WebSite,3
8079,Gullegg med merkesjokolade 18 cm,gullegg-med-merkesjokolade-18-cm,https://kontorcompaniet.no/produkt/gullegg-med-merkesjokolade-18-cm/,200,firmagave,,"Firmagaver, Påskegaver",simple,0,199,51140,True,1,1,3,3,,,,,,,,,gullegg med merkesjokolade,72,Gullegg med merkesjokolade 18 cm - Kontorinnredning til din bedrift | Kontorcompaniet AS,Merkesjokolade 400 g.,BreadcrumbList ImageObject Organization WebPage WebSite,3
8080,Gullegg med merkesjokolade 20 cm,gullegg-med-merkesjokolade-20-cm,https://kontorcompaniet.no/produkt/gullegg-med-merkesjokolade-20-cm/,200,firmagave,,"Firmagaver, Påskegaver",simple,0,253,51145,True,1,1,3,3,,,,,,,,,gullegg med merkesjokolade,75,Gullegg med merkesjokolade 20 cm - Kontorinnredning til din bedrift | Kontorcompaniet AS,Merkesjokolade 600 g,BreadcrumbList ImageObject Organization WebPage WebSite,3
8107,Italienske smaker i gaveeske,italienske-smaker-i-gaveeske,https://kontorcompaniet.no/produkt/italienske-smaker-i-gaveeske/,200,firmagave,,"Firmagaver, Påskegaver",simple,0,349,51300,True,1,1,24,24,,,,,,,,,italienske smaker i gaveeske,69,Italienske smaker i gaveeske - Kontorinnredning til din bedrift | Kontorcompaniet AS,"Innhold: Olivolja Ex Verg-Classico 0,25l, Pesto Alla Genovese 140g, Tapenade sorte oliven 140g, Soltørkede tomater 140g, Grønne Snack Oliven hvitløk 70g, Bruschetta naturell 175g.",BreadcrumbList ImageObject Organization WebPage WebSite,1
8108,Italienske smaker i gaveeske medium,italienske-smaker-i-gaveeske-medium,https://kontorcompaniet.no/produkt/italienske-smaker-i-gaveeske-medium/,200,firmagave,,"Firmagaver, Påskegaver",simple,0,430,51305,True,1,1,26,26,,,,,,,,,italienske smaker i gaveeske medium,69,Italienske smaker i gaveeske medium - Kontorinnredning til din bedrift | Kontorcompaniet AS,"Innhold: Olivenolje Ex verg Classico 250ml, Balsamico 250ml, Pesto Alla Genovese 140g, Soltørkede tomater 140g, Tapenade sorte oliven 140g, Prosciutto D’Italia skivet 80g, Bruschetta naturell 175g.",BreadcrumbList ImageObject Organization WebPage WebSite,1
8109,Kortreist spekemat i gaveeske,kortreist-spekemat-i-gaveeske,https://kontorcompaniet.no/produkt/kortreist-spekemat-i-gaveeske/,200,firmagave,,"Firmagaver, Påskegaver",simple,0,390,51310,True,1,1,15,15,,,,,,,,,kortreist spekemat i gaveeske,69,Kortreist spekemat i gaveeske - Kontorinnredning til din bedrift | Kontorcompaniet AS,"Innhold: Westfaler Spekeskinke 70g, Norsk spekeskinke 75g, Elgpølse 200g, Rødvinspølse 200g, Akevittgele Gourmet Lisa 280g.",BreadcrumbList ImageObject Organization WebPage WebSite,1
8104,Norsk spekemat 2 pk,norsk-spekemat-2-pk,https://kontorcompaniet.no/produkt/norsk-spekemat-2-pk/,200,firmagave,,"Firmagaver, Påskegaver",simple,0,247,51255,True,1,1,11,11,,,,,,,,,norsk spekemat 2 pk,69,Norsk spekemat 2 pk - Kontorinnredning til din bedrift | Kontorcompaniet AS,"Innhold: Rødvinspølse 200g, Skaupølse Med Elg & Blåbær 200g, Potetflatbrød 210g.",BreadcrumbList ImageObject Organization WebPage WebSite,1
8105,Norsk spekemat 3 pk,norsk-spekemat-3-pk,https://kontorcompaniet.no/produkt/norsk-spekemat-3-pk/,200,firmagave,,"Firmagaver, Påskegaver",simple,0,328,51250,True,1,1,15,15,,,,,,,,,norsk spekemat 3 pk,69,Norsk spekemat 3 pk - Kontorinnredning til din bedrift | Kontorcompaniet AS,"Innhold: Måsabjønn Spekepølse 200g, Rødvinspølse 200g, Skaupølse med Elg & Blåbær 200g, Potetflatbrød 210g.",BreadcrumbList ImageObject Organization WebPage WebSite,1
8099,Olasekken med påskegodt,olasekken-med-paskegodt-2,https://kontorcompaniet.no/produkt/olasekken-med-paskegodt-2/,200,firmagave,,"Firmagaver, Påskegaver",simple,0,689,51175,True,1,1,29,29,,,,,,,,ja,olasekken med påskegodt,73,Olasekken med påskegodt - Kontorinnredning til din bedrift | Kontorcompaniet AS,"Innhold: Olasekk med norsk flagg, Sitteunderlag, Kvikk Lunsj 47g, Kolibriegg pose 168g, Asina appelsin brus, Kim Salt Crunch 30g, Påskekompiser 120g, Smash 100g, Påskeegg 12 cm Norske klassikere 160g.",BreadcrumbList ImageObject Organization WebPage WebSite,1
8100,Olasekken med snadder,olasekken-med-snadder-2,https://kontorcompaniet.no/produkt/olasekken-med-snadder-2/,200,firmagave,,"Firmagaver, Påskegaver",simple,0,625,51180,True,1,1,26,26,,,,,,,,ja,olasekken med snadder,69,Olasekken med snadder - Kontorinnredning til din bedrift | Kontorcompaniet AS,"Innhold: Olasekk med norsk flagg, Sitteunderlag, Rødvinspølse snabb 220 g, President Snacking Brie 180g, Kolibriegg pose 168g, Sætre salt kjeks, Kims Salt Crunch 30g, Cocio 250ml.",BreadcrumbList ImageObject Organization WebPage WebSite,1
8101,Olasekken – Søtt og salt i kjølesekken,olasekken-sott-og-salt-i-kjolesekken-2,https://kontorcompaniet.no/produkt/olasekken-sott-og-salt-i-kjolesekken-2/,200,firmagave,,"Firmagaver, Påskegaver",simple,0,770,51185,True,1,1,37,37,,,,,,,,ja,olasekken – søtt og salt i kjølesekken,69,Olasekken – Søtt og salt i kjølesekken - Kontorinnredning til din bedrift | Kontorcompaniet AS,"Innhold: Olasekk med norsk flagg rød, Sitteunderlag, Asina Appelsin brus, Cocio 250ml, Serranoskinke skivet 55g, Taga Chorizo spekepølse 70g, Ritz kjeks 200g, Taga Salchicon spekepølse , Baby Bell Mini Ost 120g, Påskeegg 12 cm Norske klassikere 160g.",BreadcrumbList ImageObject Organization WebPage WebSite,1
8027,Påskeegg 12 cm Smågodt,paskeegg-12-cm-smagodt,https://kontorcompaniet.no/produkt/paskeegg-12-cm-smagodt/,200,firmagave,,"Firmagaver, Påskegaver",simple,0,69,51010,True,1,1,9,9,,,,,,,,,påskeegg,76,Påskeegg 12 cm Smågodt - Kontorinnredning til din bedrift | Kontorcompaniet AS,"Innhold: Smågodtblanding 200g.
Innholdet pakkes i tette resirkulerbare porsjonsposer.",BreadcrumbList ImageObject Organization WebPage WebSite,14
8062,Påskeegg 13 cm Smågodt og Sjokolade,paskeegg-13-cm-smagodt-og-sjokolade,https://kontorcompaniet.no/produkt/paskeegg-13-cm-smagodt-og-sjokolade/,200,firmagave,,"Firmagaver, Påskegaver",simple,0,297,51045,True,1,1,12,12,,,,,,,,,påskeegg,73,Påskeegg 13 cm Smågodt og Sjokolade - Kontorinnredning til din bedrift | Kontorcompaniet AS,"Innhold: Smågodtblanding 600g og sjokoladeblanding 400g.


 	Innholdet pakkes i tette resirkulerbare porsjonsposer.",BreadcrumbList ImageObject Organization WebPage WebSite,14
8055,Påskeegg 15 cm Smågodt,paskeegg-15-cm-smagodt,https://kontorcompaniet.no/produkt/paskeegg-15-cm-smagodt/,200,firmagave,,"Firmagaver, Påskegaver",simple,0,94,51015,True,1,1,9,9,,,,,,,,,påskeegg,74,Påskeegg 15 cm Smågodt - Kontorinnredning til din bedrift | Kontorcompaniet AS,"Innhold: Smågodtblanding 200g.
Innholdet pakkes i tette resirkulerbare porsjonsposer.",BreadcrumbList ImageObject Organization WebPage WebSite,14
8060,Påskeegg 15 cm Smågodt og Sjokolade,paskeegg-15-cm-smagodt-og-sjokolade,https://kontorcompaniet.no/produkt/paskeegg-15-cm-smagodt-og-sjokolade/,200,firmagave,,"Firmagaver, Påskegaver",simple,0,120,51035,True,1,1,12,12,,,,,,,,,påskeegg,79,Påskeegg 15 cm Smågodt og Sjokolade - Kontorinnredning til din bedrift | Kontorcompaniet AS,"Innhold: Smågodtblanding 200g og sjokoladeblanding 150g.


 	Innholdet pakkes i tette resirkulerbare porsjonsposer.",BreadcrumbList ImageObject Organization WebPage WebSite,14
8067,Påskeegg 15 cm merkevarer,paskeegg-15-cm-merkevarer,https://kontorcompaniet.no/produkt/paskeegg-15-cm-merkevarer/,200,firmagave,,"Firmagaver, Påskegaver",simple,0,149,51075,True,1,1,25,25,,,,,,,,,påskeegg,74,Påskeegg 15 cm merkevarer - Kontorinnredning til din bedrift | Kontorcompaniet AS,"Innhold: Godt & Blandet 50g, Eventyr Melk 24g, Kvikk Lunsj 47g, Squashies Drumstick 60g, Kolibri Marsipanegg 58g, Lion bit 16g, Troika 15g, Stratos Bit 10g.",BreadcrumbList ImageObject Organization WebPage WebSite,14
8064,Påskeegg 15 cm smågodt og IPB 400g,paskeegg-12-cm-klassikere,https://kontorcompaniet.no/produkt/paskeegg-12-cm-klassikere/,200,firmagave,,"Firmagaver, Påskegaver",simple,0,165,51060,True,1,1,22,22,,,,,,,,,påskeegg,75,Påskeegg 15 cm smågodt og IPB 400g - Kontorinnredning til din bedrift | Kontorcompaniet AS,"Innhold: Smågodt 200g, IPB Classic 100g, Kvikk Lunsj 47g, Eventyr Melk 24g, Anthon Berg Marsipanbrød 25g.


 	Innholdet pakkes i tette resirkulerbare porsjonsposer.",BreadcrumbList ImageObject Organization WebPage WebSite,14
8057,Påskeegg 18 cm Smågodt,paskeegg-18-cm-smagodt,https://kontorcompaniet.no/produkt/paskeegg-18-cm-smagodt/,200,firmagave,,"Firmagaver, Påskegaver",simple,0,143,51020,True,1,1,9,9,,,,,,,,,påskeegg,75,Påskeegg 18 cm Smågodt - Kontorinnredning til din bedrift | Kontorcompaniet AS,"Innhold: Smågodtblanding 200g.
Innholdet pakkes i tette resirkulerbare porsjonsposer.",BreadcrumbList ImageObject Organization WebPage WebSite,14
8061,Påskeegg 18 cm Smågodt og Sjokolade,paskeegg-18-cm-smagodt-og-sjokolade,https://kontorcompaniet.no/produkt/paskeegg-18-cm-smagodt-og-sjokolade/,200,firmagave,,"Firmagaver, Påskegaver",simple,0,185,51040,True,1,1,12,12,,,,,,,,,påskeegg,73,Påskeegg 18 cm Smågodt og Sjokolade - Kontorinnredning til din bedrift | Kontorcompaniet AS,"Innhold: Smågodtblanding 400g og sjokoladeblanding 200g.


 	Innholdet pakkes i tette resirkulerbare porsjonsposer.",BreadcrumbList ImageObject Organization WebPage WebSite,14
8068,Påskeegg 18 cm merkevarer,paskeegg-18-cm-merkevarer,https://kontorcompaniet.no/produkt/paskeegg-18-cm-merkevarer/,200,firmagave,,"Firmagaver, Påskegaver",simple,0,219,51080,True,1,1,30,30,,,,,,,,,påskeegg,71,Påskeegg 18 cm merkevarer - Kontorinnredning til din bedrift | Kontorcompaniet AS,"Innhold: Godt & Blandet 50g, Eventyr Melk 24g, Kvikk Lunsj 47g, Anthon Berg Mandelegg 80g, Kolibri Marsipanegg 58g, Stratos bit 10g, Troika bit 12g, Lion bit 16g, Squashies Drumstick 60g.",BreadcrumbList ImageObject Organization WebPage WebSite,14
8058,Påskeegg 23 cm Smågodt,paskeegg-23-cm-smagodt,https://kontorcompaniet.no/produkt/paskeegg-23-cm-smagodt/,200,firmagave,,"Firmagaver, Påskegaver",simple,0,271,51025,True,1,1,9,9,,,,,,,,,påskeegg,76,Påskeegg 23 cm Smågodt - Kontorinnredning til din bedrift | Kontorcompaniet AS,"Innhold: Smågodtblanding 200g.
Innholdet pakkes i tette resirkulerbare porsjonsposer.",BreadcrumbList ImageObject Organization WebPage WebSite,14
8069,Påskeegg 23 cm merkevarer,paskeegg-23-cm-merkevarer-2,https://kontorcompaniet.no/produkt/paskeegg-23-cm-merkevarer-2/,200,firmagave,,"Firmagaver, Påskegaver",simple,0,279,51085,True,1,1,22,22,,,,,,,,ja,påskeegg,78,Påskeegg 23 cm merkevarer - Kontorinnredning til din bedrift | Kontorcompaniet AS,"Innhold: Kims Salt Crunsh 30g, Nidar Påske Marsipan 138g, Godt & Blandet 50g, Smash 100g, Kvikk Lunsj 47g, Anthon Berg Mandelegg 80g.",BreadcrumbList ImageObject Organization WebPage WebSite,14
8066,Påskeegg 23 cm smågodt og IPB 850g,paskeegg-23-cm-smagodt-og-ipb-850g,https://kontorcompaniet.no/produkt/paskeegg-23-cm-smagodt-og-ipb-850g/,200,firmagave,,"Firmagaver, Påskegaver",simple,0,289,51070,True,1,1,23,23,,,,,,,,,påskeegg,75,Påskeegg 23 cm smågodt og IPB 850g - Kontorinnredning til din bedrift | Kontorcompaniet AS,"Innhold: Smågodt 600g, IPB Classic 150g , Kvikk Lunsj 47g, Eventyr Melk 24g, Anthon Berg Marsipanbrød 25g.


 	Innholdet pakkes i tette resirkulerbare porsjonsposer.",BreadcrumbList ImageObject Organization WebPage WebSite,14
8059,Påskeegg 30 cm Smågodt,paskeegg-30-cm-smagodt-2,https://kontorcompaniet.no/produkt/paskeegg-30-cm-smagodt-2/,200,firmagave,,"Firmagaver, Påskegaver",simple,0,578,51030,True,1,1,9,9,,,,,,,,ja,påskeegg,77,Påskeegg 30 cm Smågodt - Kontorinnredning til din bedrift | Kontorcompaniet AS,"Innhold: Smågodtblanding 1000g.
Innholdet pakkes i tette resirkulerbare porsjonsposer.",BreadcrumbList ImageObject Organization WebPage WebSite,14
8063,Påskeegg 30 cm Smågodt og Sjokolade,paskeegg-30-cm-smagodt-og-sjokolade-2,https://kontorcompaniet.no/produkt/paskeegg-30-cm-smagodt-og-sjokolade-2/,200,firmagave,,"Firmagaver, Påskegaver",simple,0,620,51050,True,1,1,12,12,,,,,,,,ja,påskeegg,75,Påskeegg 30 cm Smågodt og Sjokolade - Kontorinnredning til din bedrift | Kontorcompaniet AS,"Innhold: Smågodtblanding 1500g og sjokoladeblanding 800g. 


 	Innholdet pakkes i tette resirkulerbare porsjonsposer.",BreadcrumbList ImageObject Organization WebPage WebSite,14
8096,Påskeharens favoritter,paskeharens-favoritter,https://kontorcompaniet.no/produkt/paskeharens-favoritter/,200,firmagave,,"Firmagaver, Påskegaver",simple,0,299,51115,True,1,1,15,15,,,,,,,,,påskeharens favoritter,74,Påskeharens favoritter - Kontorinnredning til din bedrift | Kontorcompaniet AS,"Innhold: Nidar Påske Marsipan 138g, Påskeskum 100g, Kvikk lunsj biter 130g, Påskekompiser 120g, Smash 100g",BreadcrumbList ImageObject Organization WebPage WebSite,1
8084,Påskeposen,paskeposen,https://kontorcompaniet.no/produkt/paskeposen/,200,firmagave,,"Firmagaver, Påskegaver",simple,0,299,51110,True,1,1,19,19,,,,,,,,,påskeposen,77,Påskeposen - Kontorinnredning til din bedrift | Kontorcompaniet AS,"Innhold: Twist 145g, Walkers Liqourice 119g, Kvikk Lunsj biter 130g, Anthon Berg Fugleegg 124g, Anthon Berg Opera Mints 140g.",BreadcrumbList ImageObject Organization WebPage WebSite,1
8102,Retro kjølebag med påskesnadder,retro-kjolebag-med-paskesnadder-2,https://kontorcompaniet.no/produkt/retro-kjolebag-med-paskesnadder-2/,200,firmagave,,"Firmagaver, Påskegaver",simple,0,660,51190,True,1,1,41,41,,,,,,,,ja,retro kjølebag med påskesnadder,69,Retro kjølebag med påskesnadder - Kontorinnredning til din bedrift | Kontorcompaniet AS,"Innhold: Kjølebag med norsk flagg, Eplemost Tystad Fruktgård Raud Aroma 0,33l, Serranoskinke skivet 55g, Cocio 250ml, Chorizo skivet 100g, Baby Bell Mini Ost 120g, Ritz kjeks 200g, Taga Salchicon spekepølse 225g, Kim Salt Crunch 30g, Påskeegg 12 cm Norske klassikere 160g.",BreadcrumbList ImageObject Organization WebPage WebSite,1
7859,Rituals – The Ritual of Sakura,rituals-the-ritual-of-sakura,https://kontorcompaniet.no/produkt/rituals-the-ritual-of-sakura/,200,firmagave,,Rituals,simple,0,332,,True,1,1,17,17,,,,,,,,,rituals – the ritual of sakura,70,Rituals - The Ritual of Sakura - Kontorinnredning til din bedrift | Kontorcompaniet AS,"Limited Edition

Innhold: Body Cream 100ml, Foaming Showergel 200ml, Travel Eau de Parfume Fleurs de l`Himalaya 15ml",BreadcrumbList ImageObject Organization WebPage WebSite,1
7857,Rituals – The Ritual og Mehr,rituals-the-ritual-og-mehr,https://kontorcompaniet.no/produkt/rituals-the-ritual-og-mehr/,200,firmagave,,Rituals,simple,0,332,,True,1,1,12,12,,,,,,,,,rituals – the ritual og mehr,70,Rituals - The Ritual og Mehr - Kontorinnredning til din bedrift | Kontorcompaniet AS,"Innhold: Body Cream 100ml, Foaming Showergel 200ml, Car Air Freshner 2x 6g",BreadcrumbList ImageObject Organization WebPage WebSite,1
8103,Spekenytelser i sekk,spekenytelser-i-sekk,https://kontorcompaniet.no/produkt/spekenytelser-i-sekk/,200,firmagave,,"Firmagaver, Påskegaver",simple,0,462,51245,True,1,1,16,16,,,,,,,,,spekenytelser i sekk,69,Spekenytelser i sekk - Kontorinnredning til din bedrift | Kontorcompaniet AS,"Innhold: Rødvinspølse 260g, Ringstad Fenalår 100g, Serrano Skivet Jamandor 70g, Akevittgele Gourmet Lisa 280g, Potetflatbrød 210g",BreadcrumbList ImageObject Organization WebPage WebSite,1
8098,Taskeladden påske,taskeladden-paske,https://kontorcompaniet.no/produkt/taskeladden-paske/,200,firmagave,,"Firmagaver, Påskegaver",simple,0,469,51170,True,1,1,25,25,,,,,,,,,taskeladden påske,76,Taskeladden påske - Kontorinnredning til din bedrift | Kontorcompaniet AS,"Innhold: Rumpetaske, Asina appelsinbrus 0,5 L, Cocio 250ml, Taga Fuet spekepølse 175g, Rødvin pølsesnabb 230g, Kims Salt Crunch 30g, Påskeegg 12 cm Norske klassikere 160g.",BreadcrumbList ImageObject Organization WebPage WebSite,1
6908,Abstracta Soneo Bordskjerm 1200x650x30 mm,abstracta-soneo-bordskjerm-1200x650x30-mm,https://kontorcompaniet.no/produkt/abstracta-soneo-bordskjerm-1200x650x30-mm/,200,kontor,Abstracta,Bordskjermer,variable,4,1290,,True,4,4,19,10,Bestillingsvare (4-6 uker),Møbelfakta,Ja,5 år,Sverige,,,,abstracta soneo bordskjerm,71,Abstracta Soneo Bordskjerm 1200x650x30 mm - Kontorinnredning til din bedrift | Kontorcompaniet AS,Velg farge | Mål: 1600 x 650 x 30 mm,BreadcrumbList ImageObject Organization WebPage WebSite,3
6965,Abstracta Soneo Bordskjerm 1400x650x30 mm,abstracta-soneo-bordskjerm-1400x650x30-mm,https://kontorcompaniet.no/produkt/abstracta-soneo-bordskjerm-1400x650x30-mm/,200,kontor,Abstracta,Bordskjermer,variable,4,1413,,True,4,4,19,10,Bestillingsvare (4-6 uker),Møbelfakta,Ja,5 år,Sverige,,,,abstracta soneo bordskjerm,71,Abstracta Soneo Bordskjerm 1400x650x30 mm - Kontorinnredning til din bedrift | Kontorcompaniet AS,Velg variant | Mål: 1600 x 650 x 30 mm,BreadcrumbList ImageObject Organization WebPage WebSite,3
6972,Abstracta Soneo Bordskjerm 1600x650x30 mm,abstracta-soneo-bordskjerm-1600x650x30-mm,https://kontorcompaniet.no/produkt/abstracta-soneo-bordskjerm-1600x650x30-mm/,200,kontor,Abstracta,Bordskjermer,variable,4,1499,,True,4,4,19,10,Bestillingsvare (4-6 uker),Møbelfakta,Ja,5 år,Sverige,,,,abstracta soneo bordskjerm,71,Abstracta Soneo Bordskjerm 1600x650x30 mm - Kontorinnredning til din bedrift | Kontorcompaniet AS,Velg variant | Mål: 1600 x 650 x 30 mm,BreadcrumbList ImageObject Organization WebPage WebSite,3
6170,Dauphin ToSync,dauphin-tosync,https://kontorcompaniet.no/produkt/dauphin-tosync/,200,kontor,Dauphin,Kontorstoler,simple,0,4500,dauphin-tosync,True,1,1,19,10,Lagerført (3-5 dager),,,5 år,Tyskland,,,,dauphin tosync,3,Dauphin ToSync - Kontorinnredning til din bedrift | Kontorcompaniet AS,Sort Mesh | Sort sete | Sort lift og fotkryss,BreadcrumbList ImageObject Organization WebPage WebSite,1
6521,Dencon Bordplate 160×80,dencon-bordplate-160x80,https://kontorcompaniet.no/produkt/dencon-bordplate-160x80/,200,kontor,Dencon,Komponenter,variable,8,1380,0395-1-1,True,1,1,0,15,Bestillingsvare (3-5 uker),FSC,,5 år,Danmark,,,,dencon bordplate,72,Dencon Bordplate 160x80 - Kontorinnredning til din bedrift | Kontorcompaniet AS,Flere overflater | 160x80 cm | Faset kant | Avrundede hjørner | Slisse i bakkant,BreadcrumbList ImageObject Organization WebPage WebSite,1
7496,Dencon Delta Konferansebord 140×80 cm,dencon-delta-konferansebord-140x80-cm,https://kontorcompaniet.no/produkt/dencon-delta-konferansebord-140x80-cm/,200,kontor,Dencon,Møtebord,variable,4,3887,,True,5,5,42,8,,FSC,,10 år,Danmark,,,,dencon delta konferansebord,73,Dencon Delta Konferansebord 140x80 cm - Kontorinnredning til din bedrift | Kontorcompaniet AS,Velg variant | Dim: 140x80 | Faset klant,BreadcrumbList ImageObject Organization WebPage WebSite,6
7529,Dencon Delta Konferansebord 160×80 cm,dencon-delta-konferansebord-160x80-cm,https://kontorcompaniet.no/produkt/dencon-delta-konferansebord-160x80-cm/,200,kontor,Dencon,Møtebord,variable,4,4010,,True,5,5,42,8,,FSC,,10 år,Danmark,,,,dencon delta konferansebord,71,Dencon Delta Konferansebord 160x80 cm - Kontorinnredning til din bedrift | Kontorcompaniet AS,Velg variant | Dim: 160x80 | Faset klant,BreadcrumbList ImageObject Organization WebPage WebSite,6
7534,Dencon Delta Konferansebord 180×80 cm,dencon-delta-konferansebord-180x80-cm,https://kontorcompaniet.no/produkt/dencon-delta-konferansebord-180x80-cm/,200,kontor,Dencon,Møtebord,variable,4,4133,,True,5,5,42,8,,FSC,,10 år,Danmark,,,,dencon delta konferansebord,77,Dencon Delta Konferansebord 180x80 cm - Kontorinnredning til din bedrift | Kontorcompaniet AS,Velg variant | Dim: 180x80 | Faset klant,BreadcrumbList ImageObject Organization WebPage WebSite,6
7539,Dencon Delta Konferansebord 180×90 cm,dencon-delta-konferansebord-180x90-cm,https://kontorcompaniet.no/produkt/dencon-delta-konferansebord-180x90-cm/,200,kontor,Dencon,Møtebord,variable,4,4272,,True,5,5,42,8,,FSC,,10 år,Danmark,,,,dencon delta konferansebord,71,Dencon Delta Konferansebord 180x90 cm - Kontorinnredning til din bedrift | Kontorcompaniet AS,Velg variant | Dim: 180x90 | Faset klant,BreadcrumbList ImageObject Organization WebPage WebSite,6
7544,Dencon Delta Konferansebord 200×100 cm,dencon-delta-konferansebord-200x100-cm,https://kontorcompaniet.no/produkt/dencon-delta-konferansebord-200x100-cm/,200,kontor,Dencon,Møtebord,variable,4,4557,,True,5,5,42,8,,FSC,,10 år,Danmark,,,,dencon delta konferansebord,78,Dencon Delta Konferansebord 200x100 cm - Kontorinnredning til din bedrift | Kontorcompaniet AS,Velg variant | Dim: 200x100 | Faset klant,BreadcrumbList ImageObject Organization WebPage WebSite,6
7549,Dencon Delta Konferansebord 220×100 cm,dencon-delta-konferansebord-220x100-cm,https://kontorcompaniet.no/produkt/dencon-delta-konferansebord-220x100-cm/,200,kontor,Dencon,Møtebord,variable,4,4718,,True,5,5,42,8,,FSC,,10 år,Danmark,,,,dencon delta konferansebord,71,Dencon Delta Konferansebord 220x100 cm - Kontorinnredning til din bedrift | Kontorcompaniet AS,Velg variant | Dim: 220x100 | Faset klant,BreadcrumbList ImageObject Organization WebPage WebSite,6
6796,Dencon El. hev/senk Skrivebord 120×80 cm,dencon-skrivebord-120x80-cm,https://kontorcompaniet.no/produkt/dencon-skrivebord-120x80-cm/,200,kontor,Dencon,Skrivebord - El. hev/senk,variable,3,5450,,True,1,1,40,23,Bestillingsvare (3-5 uker),FSC,,10 år,Danmark,,,,dencon el. hev/senk skrivebord,71,Dencon El. hev/senk Skrivebord 120x80 cm - Kontorinnredning til din bedrift | Kontorcompaniet AS,Velg utførelse | El. hev/senk understell 65-131 cm - Hvit | Vippbar kabelrenne - Hvit | Faset kant - Lakkert | Avrundede hjørner,BreadcrumbList ImageObject Organization WebPage WebSite,3
6455,Dencon El. hev/senk Skrivebord 140×80 cm,dencon-skrivebord-140x80-cm,https://kontorcompaniet.no/produkt/dencon-skrivebord-140x80-cm/,200,kontor,Dencon,Skrivebord - El. hev/senk,variable,3,5625,,True,1,1,40,21,Bestillingsvare (3-5 uker),FSC,,10 år,Danmark,,,,dencon el. hev/senk skrivebord,70,Dencon El. hev/senk Skrivebord 140x80 cm - Kontorinnredning til din bedrift | Kontorcompaniet AS,Vel utførelse | El. hev/senk understell 65-131 cm | Vippbar kabelrenne - Hvit | Faset kant - Lakkert | Avrundede hjørner,BreadcrumbList ImageObject Organization WebPage WebSite,3
6447,Dencon El. hev/senk Skrivebord 160×80 cm,dencon-skrivebord-160x80-cm,https://kontorcompaniet.no/produkt/dencon-skrivebord-160x80-cm/,200,kontor,Dencon,Skrivebord - El. hev/senk,variable,3,5750,,True,1,1,40,21,Bestillingsvare (3-5 uker),FSC,,10 år,Danmark,,,,dencon el. hev/senk skrivebord,4,Dencon El. hev/senk Skrivebord 160x80 cm - Kontorinnredning til din bedrift | Kontorcompaniet AS,Velg utførelse | El. hev/senk understell 65-131 cm | Vippbar kabelrenne - Hvit | Faset kant - Lakkert | Avrundede hjørner,BreadcrumbList ImageObject Organization WebPage WebSite,3
6507,Dencon Elektrisk hev/senk understell,dencon-elektrisk-hev-senk-understell,https://kontorcompaniet.no/produkt/dencon-elektrisk-hev-senk-understell/,200,kontor,Dencon,Komponenter,variable,3,3744,0395,True,1,1,0,10,,,,,,,,,dencon elektrisk hev/senk understell,74,Dencon Elektrisk hev/senk understell - Kontorinnredning til din bedrift | Kontorcompaniet AS,"Sort, Hvit, Alu | 65-131 cm | T-fot 75 cm",BreadcrumbList ImageObject Organization WebPage WebSite,1
6514,Dencon Kabelrenne,dencon-kabelrenne,https://kontorcompaniet.no/produkt/dencon-kabelrenne/,200,kontor,Dencon,Komponenter,variable,3,510,0395-1,True,1,1,0,8,,,,,,,,,dencon kabelrenne,75,Dencon Kabelrenne - Kontorinnredning til din bedrift | Kontorcompaniet AS,"Sort, Hvit, Alu | Vippbar | Tilpasset bordlengde",BreadcrumbList ImageObject Organization WebPage WebSite,1
6854,Dencon Skap 2xA4,dencon-skap,https://kontorcompaniet.no/produkt/dencon-skap/,200,kontor,Dencon,Oppbevaring,variable,3,3609,2220,True,3,3,0,12,Bestillingsvare (4-6 uker),FSC,,10 år,Danmark,,,,dencon skap,72,Dencon Skap 2xA4 - Kontorinnredning til din bedrift | Kontorcompaniet AS,Velg variant | Mål: 80 x 35 x 750 cm | Slagdører,BreadcrumbList ImageObject Organization WebPage WebSite,3
6861,Dencon Skap 3xA4,dencon-skap-3xa4,https://kontorcompaniet.no/produkt/dencon-skap-3xa4/,200,kontor,Dencon,Oppbevaring,variable,3,4274,2220-1,True,3,3,0,12,Bestillingsvare (4-6 uker),FSC,,10 år,Danmark,,,,dencon skap,72,Dencon Skap 3xA4 - Kontorinnredning til din bedrift | Kontorcompaniet AS,"Velg variant | Mål: 80 x 35 x 110,2 cm | Slagdører",BreadcrumbList ImageObject Organization WebPage WebSite,3
6868,Dencon Skap 4xA4,dencon-skap-4xa4,https://kontorcompaniet.no/produkt/dencon-skap-4xa4/,200,kontor,Dencon,Oppbevaring,variable,3,5426,2220-1-1,True,3,3,0,12,Bestillingsvare (4-6 uker),FSC,,10 år,Danmark,,,,dencon skap,73,Dencon Skap 4xA4 - Kontorinnredning til din bedrift | Kontorcompaniet AS,"Velg variant | Mål: 80 x 35 x 145,4 cm | Slagdører",BreadcrumbList ImageObject Organization WebPage WebSite,3
6800,Dencon Skrivebord 120×80 cm,dencon-skrivebord-120x80-cm-2,https://kontorcompaniet.no/produkt/dencon-skrivebord-120x80-cm-2/,200,kontor,Dencon,Skrivebord - Fast understell,variable,3,4200,,True,1,1,40,16,Bestillingsvare (3-5 uker),FSC,,10 år,Danmark,,,ja,dencon skrivebord,74,Dencon Skrivebord 120x80 cm - Kontorinnredning til din bedrift | Kontorcompaniet AS,Velg utførelse | Fast understell | Vippbar kabelrenne | Faset kant - Lakkert | Avrundede hjørner,BreadcrumbList ImageObject Organization WebPage WebSite,3
6467,Dencon Skrivebord 140×80 cm,dencon-skrivebord-fast-hoyde-140x80-cm,https://kontorcompaniet.no/produkt/dencon-skrivebord-fast-hoyde-140x80-cm/,200,kontor,Dencon,Skrivebord - Fast understell,variable,3,4375,,True,1,1,40,16,Bestillingsvare (3-5 uker),FSC,,10 år,Danmark,,,,dencon skrivebord,73,Dencon Skrivebord 140x80 cm - Kontorinnredning til din bedrift | Kontorcompaniet AS,Velg utførelse | Fast understell | Vippbar kabelrenne | Faset kant - Lakkert | Avrundede hjørner,BreadcrumbList ImageObject Organization WebPage WebSite,3
6471,Dencon Skrivebord 160×80 cm,dencon-skrivebord-140x80-cm-2,https://kontorcompaniet.no/produkt/dencon-skrivebord-140x80-cm-2/,200,kontor,Dencon,Skrivebord - Fast understell,variable,3,4500,,True,1,1,40,18,Bestillingsvare (3-5 uker),FSC,,10 år,Danmark,,,ja,dencon skrivebord,78,Dencon Skrivebord 160x80 cm - Kontorinnredning til din bedrift | Kontorcompaniet AS,Velg utførelse | Fast understell | Vippbar kabelrenne - Hvit | Faset kant - Lakkert | Avrundede hjørner,BreadcrumbList ImageObject Organization WebPage WebSite,3
6878,Dencon Uttrekksskap 2xA4,dencon-utrekksskap-2xa4,https://kontorcompaniet.no/produkt/dencon-utrekksskap-2xa4/,200,kontor,Dencon,Oppbevaring,variable,3,5943,2220-1-1-1,True,3,3,0,10,Bestillingsvare (4-6 uker),FSC,,10 år,Danmark,,,,dencon uttrekksskap,72,Dencon Uttrekksskap 2xA4 - Kontorinnredning til din bedrift | Kontorcompaniet AS,Velg variant | Mål: 40 x 80 x 75 cm,BreadcrumbList ImageObject Organization WebPage WebSite,2
6885,Dencon Uttrekksskap 3xA4,dencon-uttrekksskap-3xa4,https://kontorcompaniet.no/produkt/dencon-uttrekksskap-3xa4/,200,kontor,Dencon,Oppbevaring,variable,3,7467,2220-1-1-1-1,True,3,3,0,10,Bestillingsvare (4-6 uker),FSC,,10 år,Danmark,,,,dencon uttrekksskap,73,Dencon Uttrekksskap 3xA4 - Kontorinnredning til din bedrift | Kontorcompaniet AS,"Velg variant | Mål: 40 x 80 x 110,2 cm",BreadcrumbList ImageObject Organization WebPage WebSite,2
7209,Evoline Circle80,evoline-circle80,https://kontorcompaniet.no/produkt/evoline-circle80/,200,kontor,Evoline,Skrivebord - Tilbehør,variable,2,1469,,True,3,3,63,14,,,,,,,,,evoline circle80,73,Evoline Circle80 - Kontorinnredning til din bedrift | Kontorcompaniet AS,Velg farge | 1 x El + 2 x USB (A+C) | Wieland plugg,BreadcrumbList ImageObject Organization WebPage WebSite,1
7222,Evoline Circle80 DisQ,evoline-circle80-disq,https://kontorcompaniet.no/produkt/evoline-circle80-disq/,500,kontor,Evoline,Skrivebord - Tilbehør,variable,2,3032,,True,3,3,99,17,,,,,,,,,evoline circle80 disq,74,Evoline Circle80 DisQ - Kontorinnredning til din bedrift | Kontorcompaniet AS,Velg farge | 1 x El + 2 x USB (A+C) | | Qi lading| Wieland plugg,BreadcrumbList ImageObject Organization WebPage WebSite,1
7362,Evoline Express 2 x Schuko Klikksystem,evoline-express-2xel-klikksystem,https://kontorcompaniet.no/produkt/evoline-express-2xel-klikksystem/,200,kontor,Evoline,Skrivebord - Tilbehør,variable,2,262,,True,1,1,38,12,,,,,,,,,evoline express,71,Evoline Express 2 x Schuko Klikksystem - Kontorinnredning til din bedrift | Kontorcompaniet AS,Velg farge | 2x Schuko | Wieland kontakt inn/ut | Modulær løsning,BreadcrumbList ImageObject Organization WebPage WebSite,3
7368,Evoline Express 3 x Schuko Klikksystem,evoline-express-3xschuko-klikksystem,https://kontorcompaniet.no/produkt/evoline-express-3xschuko-klikksystem/,200,kontor,Evoline,Skrivebord - Tilbehør,variable,2,314,,True,1,1,38,12,,,,,,,,,evoline express,73,Evoline Express 3 x Schuko Klikksystem - Kontorinnredning til din bedrift | Kontorcompaniet AS,Velg farge | 3x Schuko | Wieland kontakt inn/ut | Modulær løsning,BreadcrumbList ImageObject Organization WebPage WebSite,3
7371,Evoline Express 4 x Schuko Klikksystem,evoline-express-4xel-klikksystem,https://kontorcompaniet.no/produkt/evoline-express-4xel-klikksystem/,200,kontor,Evoline,Skrivebord - Tilbehør,variable,2,369,,True,1,1,38,12,,,,,,,,,evoline express,71,Evoline Express 4 x Schuko Klikksystem - Kontorinnredning til din bedrift | Kontorcompaniet AS,Velg farge | 4x Schuko | Wieland kontakt inn/ut | Modulær løsning,BreadcrumbList ImageObject Organization WebPage WebSite,3
7404,Evoline Matafix Kabelsamler 20m,evoline-matafix-kabelsamler-20m,https://kontorcompaniet.no/produkt/evoline-matafix-kabelsamler-20m/,200,kontor,Evoline,Skrivebord - Tilbehør,variable,3,1047,,True,4,4,0,9,,,,,,,,,evoline matafix kabelsamler,72,Evoline Matafix Kabelsamler 20m - Kontorinnredning til din bedrift | Kontorcompaniet AS,Velg farge | Dia 25 mm | 20 meter,BreadcrumbList ImageObject Organization WebPage WebSite,1
7411,Evoline Metafix Verktøy for kabling,evoline-metafix-verktoy-for-kabling,https://kontorcompaniet.no/produkt/evoline-metafix-verktoy-for-kabling/,200,kontor,Evoline,Skrivebord - Tilbehør,simple,0,211,,True,1,1,0,5,,,,,,,,,evoline metafix verktøy for kabling,70,Evoline Metafix Verktøy for kabling - Kontorinnredning til din bedrift | Kontorcompaniet AS,Gjør monteringen av Express-systemet enklere,BreadcrumbList ImageObject Organization WebPage WebSite,1
7398,"Evoline RJ45 Cat6 UTP 3m, grå",evoline-rj45-cat6-utp-3m-gra,https://kontorcompaniet.no/produkt/evoline-rj45-cat6-utp-3m-gra/,200,kontor,Evoline,Skrivebord - Tilbehør,simple,0,93,,True,1,1,0,6,,,,,,,,,evoline rj45 cat6 utp,70,"Evoline RJ45 Cat6 UTP 3m, grå - Kontorinnredning til din bedrift | Kontorcompaniet AS",RJ45 Cat.6 UTP | 3 meter,BreadcrumbList ImageObject Organization WebPage WebSite,3
7402,"Evoline RJ45 Cat6 UTP 5m, grå",evoline-rj45-cat6-utp-5m-gra,https://kontorcompaniet.no/produkt/evoline-rj45-cat6-utp-5m-gra/,200,kontor,Evoline,Skrivebord - Tilbehør,simple,0,141,,True,1,1,0,6,,,,,,,,,evoline rj45 cat6 utp,74,"Evoline RJ45 Cat6 UTP 5m, grå - Kontorinnredning til din bedrift | Kontorcompaniet AS",RJ45 Cat.6 UTP | 5 meter,BreadcrumbList ImageObject Organization WebPage WebSite,3
7403,"Evoline RJ45 Cat6 UTP 7,5m, grå",evoline-rj45-cat6-utp-75m-gra,https://kontorcompaniet.no/produkt/evoline-rj45-cat6-utp-75m-gra/,200,kontor,Evoline,Skrivebord - Tilbehør,simple,0,187,,True,1,1,0,6,,,,,,,,,evoline rj45 cat6 utp,75,"Evoline RJ45 Cat6 UTP 7,5m, grå - Kontorinnredning til din bedrift | Kontorcompaniet AS","RJ45 Cat.6 UTP | 7,5 meter",BreadcrumbList ImageObject Organization WebPage WebSite,3
7388,Evoline Skjøtekabel 1m,evoline-skjotekabel-1m,https://kontorcompaniet.no/produkt/evoline-skjotekabel-1m/,200,kontor,Evoline,Skrivebord - Tilbehør,variable,2,201,,True,1,1,0,11,,,,,,,,,evoline skjøtekabel,74,Evoline Skjøtekabel 1m - Kontorinnredning til din bedrift | Kontorcompaniet AS,Velg farge | Wieland han/hun | 1 meter | Modulært system,BreadcrumbList ImageObject Organization WebPage WebSite,3
7392,"Evoline Skjøtekabel 2,5m",evoline-skjotekabel-25m,https://kontorcompaniet.no/produkt/evoline-skjotekabel-25m/,200,kontor,Evoline,Skrivebord - Tilbehør,variable,2,245,,True,1,1,0,11,,,,,,,,,evoline skjøtekabel,72,"Evoline Skjøtekabel 2,5m - Kontorinnredning til din bedrift | Kontorcompaniet AS","Velg farge | Wieland han/hun | 2,5 meter | Modulært system",BreadcrumbList ImageObject Organization WebPage WebSite,3
7395,Evoline Skjøtekabel 3m,evoline-skjotekabel-3m,https://kontorcompaniet.no/produkt/evoline-skjotekabel-3m/,200,kontor,Evoline,Skrivebord - Tilbehør,variable,2,277,,True,1,1,0,11,,,,,,,,,evoline skjøtekabel,75,Evoline Skjøtekabel 3m - Kontorinnredning til din bedrift | Kontorcompaniet AS,Velg farge | Wieland han/hun | 3 meter | Modulært system,BreadcrumbList ImageObject Organization WebPage WebSite,3
7374,Evoline Tilførselskabel 1m,evoline-tilforselskabel-1m-sort,https://kontorcompaniet.no/produkt/evoline-tilforselskabel-1m-sort/,200,kontor,Evoline,Skrivebord - Tilbehør,variable,2,201,,True,1,1,0,10,,,,,,,,,evoline tilførselskabel,73,Evoline Tilførselskabel 1m - Kontorinnredning til din bedrift | Kontorcompaniet AS,Velg farge | Schuko/Wieland | 1 meter | Modulært system,BreadcrumbList ImageObject Organization WebPage WebSite,3
7382,Evoline Tilførselskabel 2m,evoline-tilforselskabel-2m-sort,https://kontorcompaniet.no/produkt/evoline-tilforselskabel-2m-sort/,200,kontor,Evoline,Skrivebord - Tilbehør,variable,2,235,,True,1,1,0,10,,,,,,,,,evoline tilførselskabel,73,Evoline Tilførselskabel 2m - Kontorinnredning til din bedrift | Kontorcompaniet AS,Velg farge | Schuko/Wieland | 2 meter | Modulært system,BreadcrumbList ImageObject Organization WebPage WebSite,3
7385,Evoline Tilførselskabel 3m,evoline-tilforselskabel-3m-sort,https://kontorcompaniet.no/produkt/evoline-tilforselskabel-3m-sort/,200,kontor,Evoline,Skrivebord - Tilbehør,variable,2,277,,True,2,2,0,10,,,,,,,,,evoline tilførselskabel,74,Evoline Tilførselskabel 3m - Kontorinnredning til din bedrift | Kontorcompaniet AS,Velg farge | Schuko/Wieland | 3 meter | Modulært system,BreadcrumbList ImageObject Organization WebPage WebSite,3
6353,Fogia Bollo,fogia-bollo,https://kontorcompaniet.no/produkt/fogia-bollo/,200,kontor,Fogia,Loungestoler,variable,4,16930,,True,4,4,26,5,Bestillingsvare (2-3 uker),,,,,Andreas Engelsvik,,,fogia bollo,0,Fogia Bollo - Kontorinnredning til din bedrift | Kontorcompaniet AS,Velg blant flere varianter |,BreadcrumbList ImageObject Organization WebPage WebSite,1
7428,Fora Form Bud Unite Konferansestol,fora-form-bud-unite-konferansestol,https://kontorcompaniet.no/produkt/fora-form-bud-unite-konferansestol/,500,kontor,Fora Form,Møteromsstoler,variable,3,8640,,True,3,3,89,13,,Møbelfakta,Ja,5 år,Norge,Skogstad&amp;Wærnes,,,fora form bud unite konferansestol,72,Fora Form Bud Unite Konferansestol - Kontorinnredning til din bedrift | Kontorcompaniet AS,Velg variant | Polstret sete og rygg | Understell med sving og hjul,BreadcrumbList ImageObject Organization WebPage WebSite,1
7413,Fora Form City 4 ben,fora-form-city-4-ben,https://kontorcompaniet.no/produkt/fora-form-city-4-ben/,200,kontor,Fora Form,Stoler,variable,5,1935,,True,3,3,58,11,,Møbelfakta,Ja,5 år,Norge,Øivind Iversen,,,fora form city 4 ben,72,Fora Form City 4 ben - Kontorinnredning til din bedrift | Kontorcompaniet AS,Velg farge | Sete i plast | Ben i pulverlakkert aluminium,BreadcrumbList ImageObject Organization WebPage WebSite,1
6613,Fora Form Kabelluke med brønn,fora-form-kabelluke-med-bronn,https://kontorcompaniet.no/produkt/fora-form-kabelluke-med-bronn/,200,kontor,Fora Form,,simple,0,5415,,True,1,1,0,12,,,,,,,,,fora form kabelluke med brønn,73,Fora Form Kabelluke med brønn - Kontorinnredning til din bedrift | Kontorcompaniet AS,Kabelluke med brønn | Levers som std i samme utførelse som bordplate,BreadcrumbList ImageObject Organization WebPage WebSite,1
6599,Fora Form Kvart Møtebord 200×120,fora-form-kvart-motebord-240x120,https://kontorcompaniet.no/produkt/fora-form-kvart-motebord-240x120/,200,kontor,Fora Form,Møtebord,variable,4,27574,,True,1,1,65,8,Bestillingsvare (5-7 uker),Møbelfakta,Ja,5 år,"Norge, Polen",Lars Tornøe,,,fora form kvart møtebord,73,Fora Form Kvart Møtebord 200x120 - Kontorinnredning til din bedrift | Kontorcompaniet AS,Velg blant flere utførelser | Dim: 200x120 cm,BreadcrumbList ImageObject Organization WebPage WebSite,3
7486,Fora Form Kvart Møtebord 240×120,fora-form-kvart-motebord-240x120-2,https://kontorcompaniet.no/produkt/fora-form-kvart-motebord-240x120-2/,200,kontor,Fora Form,Møtebord,variable,4,26223,,True,1,1,65,8,Bestillingsvare (5-7 uker),Møbelfakta,Ja,5 år,"Norge, Polen",Lars Tornøe,,ja,fora form kvart møtebord,71,Fora Form Kvart Møtebord 240x120 - Kontorinnredning til din bedrift | Kontorcompaniet AS,Velg blant flere utførelser | Dim: 240x120 cm,BreadcrumbList ImageObject Organization WebPage WebSite,3
7491,Fora Form Kvart Møtebord 260×120,fora-form-kvart-motebord-260x120,https://kontorcompaniet.no/produkt/fora-form-kvart-motebord-260x120/,200,kontor,Fora Form,Møtebord,variable,4,35535,,True,1,1,65,8,Bestillingsvare (5-7 uker),Møbelfakta,Ja,5 år,"Norge, Polen",Lars Tornøe,,,fora form kvart møtebord,70,Fora Form Kvart Møtebord 260x120 - Kontorinnredning til din bedrift | Kontorcompaniet AS,Velg blant flere utførelser | Dim: 260x120 cm,BreadcrumbList ImageObject Organization WebPage WebSite,3
7329,Fora Form Senso 2-seter Høy,fora-form-senso-2-seter-hoy,https://kontorcompaniet.no/produkt/fora-form-senso-2-seter-hoy/,500,kontor,Fora Form,Sofa,variable,2,30914,,True,4,4,81,6,,Møbelfakta,Ja,5 år,Norge,Andersen &amp; Voll,,,fora form senso 2-seter høy,75,Fora Form Senso 2-seter Høy - Kontorinnredning til din bedrift | Kontorcompaniet AS,Velg variant | Dim: 195x66x120 cm,BreadcrumbList ImageObject Organization WebPage WebSite,1
7320,Fora Form Senso 3-seter Høy,fora-form-senso-3-seter-hoy,https://kontorcompaniet.no/produkt/fora-form-senso-3-seter-hoy/,500,kontor,Fora Form,Sofa,variable,2,40088,,True,3,3,81,6,,Møbelfakta,Ja,5 år,Norge,Andersen &amp; Voll,,,fora form senso 3-seter høy,74,Fora Form Senso 3-seter Høy - Kontorinnredning til din bedrift | Kontorcompaniet AS,Velg variant | Dim: 195x66x120 cm,BreadcrumbList ImageObject Organization WebPage WebSite,1
7438,Hay About a Chair 222,hay-about-a-chair-222,https://kontorcompaniet.no/produkt/hay-about-a-chair-222/,200,kontor,Hay,Stoler,variable,14,3039,,True,19,19,80,12,,,,5 år,Danmark,Hee Welling,,,hay about a chair 222,70,Hay About a Chair 222 - Kontorinnredning til din bedrift | Kontorcompaniet AS,Velg variant | Sete i plast | Ben i eik eller valnøtt,BreadcrumbList ImageObject Organization WebPage WebSite,1
6174,Håg Capsico 8106,hag-capisco-8106,https://kontorcompaniet.no/produkt/hag-capisco-8106/,200,kontor,Håg,Kontorstoler,simple,0,9447,hag8106,True,4,4,50,9,,,,,,,,,håg capsico 8106,3,Håg Capsico 8106 - Kontorinnredning til din bedrift | Kontorcompaniet AS,Håg Capsico. En norskprodusert ergonomisk kontorstol med 10 års garanti*. Denne klassikeren er et design-ikon og et utmerket alternativ for å fremme aktiv sittestilling. Anbefalt av fysioterapeuter for de med fysiske plager.,BreadcrumbList ImageObject Organization WebPage WebSite,1
7568,Håg Celi 9100,hag-celi-9100,https://kontorcompaniet.no/produkt/hag-celi-9100/,500,kontor,Håg,Stoler,variable,5,2882,,True,8,8,51,9,,"Greenguard, Møbelfakta",Ja,10 år,,"BIG-GAME, Hunting &amp; Narud, Anderssen &amp; Voll and Flokk Design Team",,,håg celi 9100,71,Håg Celi 9100 - Kontorinnredning til din bedrift | Kontorcompaniet AS,Velg variant | Plast sete/rygg | Lakker alu ramme,BreadcrumbList ImageObject Organization WebPage WebSite,1
7564,Håg Creed 6006 Kontorstol,hag-creed-6006-kontorstol,https://kontorcompaniet.no/produkt/hag-creed-6006-kontorstol/,500,kontor,Håg,Kontorstoler,simple,0,9335,,True,4,4,64,9,,"Greenguard, Møbelfakta",Ja,10 år,,Peter Opsvik,Gabriel Select #SC60999 (Sort) - Sorte detaljer,,håg creed 6006 kontorstol,72,Håg Creed 6006 Kontorstol - Kontorinnredning til din bedrift | Kontorcompaniet AS,Gabriel Select #SC60999 | Sorte detaljer | Std armlener,BreadcrumbList ImageObject Organization WebPage WebSite,1
7601,Håg Futu Mesh 1100-S,hag-futu-mesh-1100-s,https://kontorcompaniet.no/produkt/hag-futu-mesh-1100-s/,200,kontor,Håg,Kontorstoler,variable,7,10683,,True,10,10,72,11,,"Greenguard, Møbelfakta",Ja,10 år,Norge,,,,håg futu mesh 1100-s,74,Håg Futu Mesh 1100-S - Kontorinnredning til din bedrift | Kontorcompaniet AS,Velg variant | Futu mesh / Futu Knit Solid | Armlen,BreadcrumbList ImageObject Organization WebPage WebSite,1
6166,Håg Sofi Mesh 7500,hag-sofi-mesh-7500-2,https://kontorcompaniet.no/produkt/hag-sofi-mesh-7500-2/,200,kontor,Håg,Kontorstoler,simple,0,8961,hag7500,True,4,4,50,12,,,,,,,,ja,håg sofi mesh 7500,4,Håg Sofi Mesh 7500 - Kontorinnredning til din bedrift | Kontorcompaniet AS,En ergonomisk kontorstol for den kresne. Et norskprodusert og miljøvennlig alternativ med 10 års garanti. Lagerføres for kort leveringstid,BreadcrumbList ImageObject Organization WebPage WebSite,1
7560,Håg Tribute 9021 Kontorstol,hag-tribute-9021-kontorstol,https://kontorcompaniet.no/produkt/hag-tribute-9021-kontorstol/,500,kontor,Håg,Kontorstoler,simple,0,12255,,True,4,4,67,9,,"Greenguard, Møbelfakta",Ja,10 år,,Svein Asbjørnsen - sapDesign®,Gabriel Select #SC60999 (Sort) - Sorte detaljer,,håg tribute 9021 kontorstol,73,Håg Tribute 9021 Kontorstol - Kontorinnredning til din bedrift | Kontorcompaniet AS,Gabriel Select #SC60999 | Sorte detaljer | Tiltdown armlener,BreadcrumbList ImageObject Organization WebPage WebSite,1
7555,Håg Tribute 9031 Kontorstol,hag-tribute-9031-kontorstol,https://kontorcompaniet.no/produkt/hag-tribute-9031-kontorstol/,500,kontor,Håg,Kontorstoler,simple,0,14655,,True,4,4,67,11,,"Greenguard, Møbelfakta",Ja,10 år,,Svein Asbjørnsen - sapDesign®,Gabriel Select #SC60999 (Sort) - Sorte detaljer,,håg tribute 9031 kontorstol,71,Håg Tribute 9031 Kontorstol - Kontorinnredning til din bedrift | Kontorcompaniet AS,Gabriel Select #SC60999 | Sorte detaljer | Nakkestøtte | Tiltdown armlener,BreadcrumbList ImageObject Organization WebPage WebSite,1
6181,Muuto Outline 3 seter,muuto-outline-3-seter-3,https://kontorcompaniet.no/produkt/muuto-outline-3-seter-3/,200,kontor,Muuto,Sofa,simple,0,33275,,True,2,2,42,7,Bestillingsvare (2-3 uker),,,10 år,Danmark,Andersen &amp; Voll,Kvadrat Clay,ja,muuto outline 3 seter,2,Muuto Outline 3 seter - Kontorinnredning til din bedrift | Kontorcompaniet AS,"Stilig 3-seter sofa fra Muuto, designet av norske Andersen & Voll. Stoppet med kaldskum og et lag med dun, som gjør den fast, men likevel komfortabel og sitte i. Ben i pulverlakkert utførelse.Trukket i Kvadrat Remix 163 (Sort), med sorte ben",BreadcrumbList ImageObject Organization WebPage WebSite,3
6179,Muuto Outline 3 seter,muuto-outline-3-seter-2,https://kontorcompaniet.no/produkt/muuto-outline-3-seter-2/,200,kontor,Muuto,Sofa,simple,0,42479,,True,2,2,41,6,Bestillingsvare (2-3 uker),,,10 år,Danmark,Andersen &amp; Voll,Refine Leather,ja,muuto outline 3 seter,2,Muuto Outline 3 seter - Kontorinnredning til din bedrift | Kontorcompaniet AS,"Stilig 3-seter sofa fra Muuto, designet av norske Andersen & Voll. Stoppet med kaldskum og et lag med dun, som gjør den fast, men likevel komfortabel og sitte i. Ben i pulverlakkert utførelse.Trukket i Kvadrat Remix 163 (Sort), med sorte ben",BreadcrumbList ImageObject Organization WebPage WebSite,3
6176,Muuto Outline 3 seter,muuto-outline-3-seter,https://kontorcompaniet.no/produkt/muuto-outline-3-seter/,200,kontor,Muuto,Sofa,simple,0,25485,,True,2,2,42,7,Bestillingsvare (2-3 uker),,,10 år,Danmark,Andersen &amp; Voll,Kvadrat Remix,,muuto outline 3 seter,2,Muuto Outline 3 seter - Kontorinnredning til din bedrift | Kontorcompaniet AS,"Stilig 3-seter sofa fra Muuto, designet av norske Andersen & Voll. Stoppet med kaldskum og et lag med dun, som gjør den fast, men likevel komfortabel og sitte i. Ben i pulverlakkert utførelse.Trukket i Kvadrat Remix 163 (Sort), med sorte ben",BreadcrumbList ImageObject Organization WebPage WebSite,3
7582,Profim Noor 6050,profim-noor-6050,https://kontorcompaniet.no/produkt/profim-noor-6050/,500,kontor,Profim,Stoler,variable,6,1701,,True,7,7,53,11,,"Greenguard, Møbelfakta",Ja,10 år,,"StokkeAustad, Form Us With Love, Grønlund Design and Flokk Design team",,,profim noor 6050,70,Profim Noor 6050 - Kontorinnredning til din bedrift | Kontorcompaniet AS,Velg variant | Plast sete og rygg | Lakkert alu understell,BreadcrumbList ImageObject Organization WebPage WebSite,1
7702,Vitra Eames Loungechair,vitra-eames-loungechair,https://kontorcompaniet.no/produkt/vitra-eames-loungechair/,500,kontor,Vitra,Loungestoler,variable,2,57050,,True,3,3,61,13,Bestillingsvare (6-8 uker),,Ja,,Sveits,Charles &amp; Ray Eames,,,vitra eames loungechair,73,Vitra Eames Loungechair - Kontorinnredning til din bedrift | Kontorcompaniet AS,Velg variant | Formstøpt finèr | Polstret i hud | Polert aluminium understell,BreadcrumbList ImageObject Organization WebPage WebSite,1
7707,Vitra Eames Plastic Sidechair DSR,vitra-eames-plastic-sidechair-dsr,https://kontorcompaniet.no/produkt/vitra-eames-plastic-sidechair-dsr/,500,kontor,Vitra,Stoler,variable,15,3032,,True,16,16,0,10,Bestillingsvare (3-5 uker),,Ja,10 år,,Charles &amp; Ray Eames,,,vitra eames plastic sidechair dsr,73,Vitra Eames Plastic Sidechair DSR - Kontorinnredning til din bedrift | Kontorcompaniet AS,Velg variant | Plastikk skall | Pulverlakkert Cross struts understell,BreadcrumbList ImageObject Organization WebPage WebSite,1
6792,Vitra ID Mesh,vitra-id-trim-kopi,https://kontorcompaniet.no/produkt/vitra-id-trim-kopi/,200,kontor,Vitra,Kontorstoler,simple,0,8610,vitra-id-mesh,True,2,2,55,15,Bestillingsvare (4-6 uker),,Ja,10 år,Sveits,Antonio Cittero,,,vitra id mesh,73,Vitra ID Mesh - Kontorinnredning til din bedrift | Kontorcompaniet AS,Sort mesh | Sort tekstil | Sort fotkryss | 2D Armlen | Setedybdregulering | Korsryggstøtte,BreadcrumbList ImageObject Organization WebPage WebSite,1
6788,Vitra ID Trim,vitra-id-trim,https://kontorcompaniet.no/produkt/vitra-id-trim/,200,kontor,Vitra,Kontorstoler,simple,0,9700,vitra-id-trim,True,3,3,45,10,Bestillingsvare (4-6 uker),,Ja,10 år,Sveits,Antonio Cittero,,,vitra id trim,73,Vitra ID Trim - Kontorinnredning til din bedrift | Kontorcompaniet AS,Sort tekstil | Sort fotkryss | 2D Armlen | Setedybdregulering,BreadcrumbList ImageObject Organization WebPage WebSite,1
7069,Vitra Physix,vitra-physix,https://kontorcompaniet.no/produkt/vitra-physix/,200,kontor,Vitra,Møteromsstoler,variable,4,7340,,True,7,7,0,13,,,Ja,10 år,Sveits,Alberto Meda,,,vitra physix,72,Vitra Physix - Kontorinnredning til din bedrift | Kontorcompaniet AS,Velg variant | Tekstil: FleeceNet | 5-star base m/sving og hjul | Hev/senk,BreadcrumbList ImageObject Organization WebPage WebSite,1
6190,Vitra Soft Pad 217,vitra-soft-pad-217,https://kontorcompaniet.no/produkt/vitra-soft-pad-217/,200,kontor,Vitra,Kontorstoler,simple,0,29260,vitra-softpad-217,True,1,1,0,12,,,,,,,,,vitra soft pad 217,2,Vitra Soft Pad 217 - Kontorinnredning til din bedrift | Kontorcompaniet AS,Leather Nero | Krom understell | Krom armlener | Trinser for teppe,BreadcrumbList ImageObject Organization WebPage WebSite,1
6189,Vitra Soft Pad 219,vitra-soft-pad-219,https://kontorcompaniet.no/produkt/vitra-soft-pad-219/,200,kontor,Vitra,Kontorstoler,simple,0,36480,vitra-softpad-219,True,2,2,34,12,Bestillingsvare (4-6 uker),,,10 år,Sveits,Charles &amp; Ray Eames,,,vitra soft pad 219,4,Vitra Soft Pad 219 - Kontorinnredning til din bedrift | Kontorcompaniet AS,Leather Nero | Krom understell | Krom armlener | Trinser for teppe,BreadcrumbList ImageObject Organization WebPage WebSite,1
7055,Vitra Softshell 5-star base,vitra-physix-konferansestol,https://kontorcompaniet.no/produkt/vitra-physix-konferansestol/,200,kontor,Vitra,Møteromsstoler,variable,6,7860,,True,7,7,0,13,,,Ja,10 år,Sveits,Ronan &amp; Erwan Bouroullec,,,vitra softshell 5-star base,71,Vitra Softshell 5-star base - Kontorinnredning til din bedrift | Kontorcompaniet AS,Velg variant | Tekstil: Plano | 5-star base m/sving og hjul | Hev/senk,BreadcrumbList ImageObject Organization WebPage WebSite,1
